name	inn	Company name	revenue_2021_mln_$USA
ООО Леруа Мерлен Восток	5029069967	Leroy Merlin	6342,0
ОАО "ФИЛИП МОРРИС СЭЙЛЗ ЭНД МАРКЕТИНГ"	7710298176	Philip Morris	5457,0
ООО "Эппл Рус"	7707767220	Apple	5361,0
ООО "ФОЛЬКСВАГЕН Груп Рус"	5042059767	Volkswagen	4928,0
ООО ДЖ.Т.И. РОССИЯ	7703386329	Japan Tobacco International	4772,0
ООО «Тойота мотор»	7710390358	Toyota	4611,0
АО "АВТОВАЗ"	6320002223	Renault	4183,0
САМСУНГ ЭЛЕКТРОНИКС РУС КОМПАНИ	7703608910	Samsung	4010,0
ООО "КИА РОССИЯ И СНГ"	7728674093	KIA Motors	3839,0
АО "МЕРСЕДЕС-БЕНЦ РУС"	7707016368	Daimler	3817,0
ООО "БМВ РУСЛАНД ТРЕЙДИНГ"	7712107050	BMW	3188,0
ООО "АШАН"	7703270067	Auchan	3181,0
АО "МУМТ"	7705060700	British American Tobacco	3131,0
ООО "ХЕНДЭ МОТОР СНГ"	7703623202	Hyundai	3115,0
ООО "МЕТРО Кэш энд Керри"	7704218694	Metro AG	3072,0
ООО "ОСТИСИ - АТОН"	7701375466	OSTC Group	2883,0
ООО "ХЕНДЭ МОТОР МАНУФАКТУРИНГ РУС"	7801463902	Hyundai	2875,0
ООО "Нестле Россия"	7705739450	Nestle	2633,0
АО "ГРУППА "ИЛИМ"	7840346335	International Paper	2504,0
ООО ПЕПСИКО ХОЛДИНГС	7705034202	Pepsi	2233,0
ООО "ИКЕА ДОМ"	5047076050	IKEA	2185,0
ООО "Марс"	5045016560	Mars	2160,0
ЗАО "РЕНО РОССИЯ"	7709259743	Renault	2154,0
ООО "Шелл Нефть"	7743792870	Shell	1869,0
ООО "Гугл"	7704582421	Alphabet	1865,0
ЗАО "Филип Моррис Ижора"	4720007247	Philip Morris	1818,0
ООО "Проктер энд Гэмбл Дистрибьюторская Компания"	7701639976	Procter & Gamble	1685,0
ООО "ЛГ Электроникс РУС"	5075018950	LG Electronics	1664,0
ООО "ДК РУС"	7714790325	Daimler Truck	1650,0
ООО “Каргилл”	7113502396	Cargill	1636,0
ООО "ТЕХКОМПАНИЯ ХУАВЭЙ"	7714186804	Huawei	1567,0
ДАНОН ТРЕЙД	5024121469	Danone	1526,0
АО "ВИММ-БИЛЛЬ-ДАНН"	7713085659	Pepsi	1497,0
ООО "ИКЕА ТОРГ"	5047028515	IKEA	1426,0
ООО "Комацу СНГ"	7733556360	Komatsu	1401,0
ООО "НИССАН МЭНУФЭКЧУРИНГ РУС"	7842337791	Nissan	1392,0
ООО "Хенкель Рус"	7702691545	Henkel	1321,0
ПАО "ЮНИПРО"	8602067092	Uniper SE	1307,0
ООО "КОКА-КОЛА ЭЙЧБИСИ ЕВРАЗИЯ"	7701215046	Hellenic Bottling Company	1306,0
AO RAIFFEISENBANK	7744000302	Raiffeisen	1301,0
АО "БАЙЕР"	7704017596	Bayer	1200,0
ООО "Юнилевер Русь"	7705183476	Unilever	1194,0
АО "АБ ИНБЕВ ЭФЕС"	5020037784	AB InBev Efes	1186,0
АКЦИОНЕРНОЕ ОБЩЕСТВО ДАНОН РОССИЯ	7714626332	Danone	1182,0
ООО "ПИВОВАРЕННАЯ КОМПАНИЯ "БАЛТИКА"	7802849641	Carlsberg Group	1147,0
ПАО "ФОРТУМ"	7203162698	Fortum	1146,0
ООО "Джонсон & Джонсон"	7725216105	Johnson & Johnson	1113,0
ООО “ЭЛКО Рус”	5024177951	Elko Grupa	1050,0
ООО "МАКДОНАЛДС"	7710044140	McDonald's	1044,0
ООО "Скания - Русь"	5032073106	Scania	1026,0
АО "АРКОНИК СМЗ"	6310000160	Arconic	1018,0
ООО "Эйч энд Эм"	7705840940	H&M (Hennes and Mauritz)	994,0
АО “МОНДИ СЫКТЫВКАРСКИЙ ЛПК”	1121003135	Mondi Group	992,0
ООО "РУЛОГ"	7732121398	HAVI	975,0
ООО "Империал Тобакко Продажа и Маркетинг"	7710302785	Imperial Brands	971,0
ООО "ВИТЕРРА РУС"	7708525142	Glencore	971,0
ООО "Самсунг Электроникс Рус Калуга"	4025413896	Samsung	965,0
АО(Н) "ВОЛЬВО ВОСТОК"	5032048798	Volvo Cars	956,0
ООО "МОНДЭЛИС РУСЬ"	3321020710	Mondelez	928,0
ЗАО "Л`Ореаль"	7726059896	L'Oreal	896,0
АО "ЧЕРИ АВТОМОБИЛИ РУС"	7743578549	Chery Automobile	864,0
ООО «МАЗДА МОТОР РУС»	7743580770	Mazda	857,0
ООО "БАСФ"	7706800837	BASF SE	825,0
ООО "ХАВЕЙЛ МОТОР РУС"	7729763331	Haval Motor	818,0
ООО "Петро"	7834005168	Japan Tobacco International	797,0
АО "ЗАРА СНГ"	7707099460	Inditex	794,0
ООО "Метинвест Евразия"	7731585968	Metinvest	792,0
ООО "МТ РУССИЯ"	7701716677	Maire Tecnimont	790,0
ООО "Нокиан Шина"	7816162305	Nokian Tyres	790,0
ООО "ММС Рус"	7715397999	Mitsubishi Motors	772,0
ООО "АДИДАС"	7714037390	Adidas	772,0
ООО "Делл"	7704648707	Dell	765,0
ООО "МСМР"	7743816842	Mazda	749,0
ООО "Ренейссанс Хэви Индастрис"	7802772445	Rönesans Holding	742,0
ООО "РЕ Трэйдинг"	7725776121	LPP	735,0
Либхерр-Русланд ООО	7704217309	Liebherr	724,0
АО "САНОФИ РОССИЯ"	7705018169	Sanofi	710,0
КРОНОШПАН	5011021227	Kronospan	703,0
ООО "БСХ БЫТОВЫЕ ПРИБОРЫ"	7819301797	BSH	692,0
ООО "Бургер РУС"	7719723690	Burger King	688,0
АО "ТЕТРА ПАК"	7706017070	Tetra Pak	686,0
ЗАО "Интернешнл Пейпер"	4704012472	Sylvamo	685,0
ООО "Купишуз"	7705935687	Global Fashion Group	674,0
АКЦИОНЕРНОЕ ОБЩЕСТВО НИЖЕГОРОДСКИЙ ХИМИКО-ФАРМАЦЕВТИЧЕСКИЙ ЗАВОД	5260900010	STADA	674,0
ООО "ПСМА РУС"	4027091179	Stellantis	665,0
ООО "Роберт Бош"	7706092944	Robert Bosch	663,0
ЗАО "ФЕРРЕРО РУССИЯ"	5044018861	Ferrero SpA	660,0
БОРИСХОФ 1	7713628217	Inchcape	655,0
ООО "ЯГУАР ЛЕНД РОВЕР"	5047095543	Jaguar	654,0
ПАО "ЭНЕЛ РОССИЯ"	6671156423	Enel	649,0
ООО "ЭББОТТ ЛЭБОРАТОРИЗ"	7725594604	Abbott Labs	647,0
ООО "ПОРШЕ РУССЛАНД"	7703374404	Porsche	647,0
ООО "ГАЗПРОМНЕФТЬ-ВОСТОК"	7017126251	Mubadala	632,0
ООО "Проктер энд Гэмбл-Новомосковск"	7101006354	Procter & Gamble	628,0
АО "ШНЕЙДЕР ЭЛЕКТРИК"	7712092928	Schneider Electric	606,0
ООО "ВОСТОЧНАЯ ТЕХНИКА"	5404151283	Barloworld	597,0
ООО "КЕХ ЕКОММЕРЦ"	7710668349	Naspers	593,0
ООО "ЭЙЧПИ ИНК"	7743101210	HP (Hewlett-Packard)	585,0
ООО "ФИЛИПС"	7704216778	Philips	579,0
ООО "МАН Трак энд Бас РУС"	7730117815	MAN	579,0
ООО "ВИРЛПУЛ РУС"	7717654289	Whirlpool	567,0
ООО "Кимберли-Кларк"	7709222373	Kimberly-Clark	551,0
ООО "Новартис Фарма"	7705772224	Novartis	551,0
ООО "АстраЗенека Фармасьютикалз"	7704579700	AstraZeneca	546,0
ООО "МИШЛЕН"	5073007462	Michelin Tire	546,0
ООО "ХАР"	1650292810	Haier	544,0
ООО "СИНГЕНТА"	7705255201	Syngenta AG	540,0
АО БРИТИШ АМЕРИКАН ТОБАККО-СПБ	7809008119	British American Tobacco	540,0
АО «Мултон»	7810249327	Coca-Cola	533,0
ООО "Нокиан Тайерс"	4703073810	Nokian Tyres	524,0
ООО "СП БИЗНЕС КАР"	7705040943	Toyota	515,0
ООО "ОПХ"	7802118578	Heineken	513,0
ООО "БОЛЛ НАРО-ФОМИНСК"	5030041780	Ball Corporation	511,0
ООО "САП СНГ"	7705058323	SAP	510,0
ООО "ДЖИЛИ-МОТОРС"	7716641537	Geely	508,0
ООО "Мерседес-Бенц Файненшл Сервисес Рус"	7707279342	Daimler	506,0
ООО "Ферронордик Машины"	7710761161	Ferronordic	504,0
ООО "ФЕРРОНОРДИК ТД"	5047151332	Ferronordic	102,8
ООО "Цеппелин Русланд"	7702192017	Zeppelin	499,0
ООО "ПФАЙЗЕР ИННОВАЦИИ"	7703106050	Pfizer	496,0
ОАО "ФРИТО ЛЕЙ МАНУФАКТУРИНГ"	7705189397	Pepsi	493,0
ООО "ЯКОБС ДАУ ЭГБЕРТС РУС"	4725001168	Mondelez	488,0
ООО "ДЕНЦУ СИ ЭС"	7709583813	Dentsu International	486,1
ООО "Скания Лизинг"	7705392920	Scania	486,0
ООО "Вольво Карс"	5047105054	Volvo Cars	472,0
ООО "СИСКО СОЛЮШЕНЗ"	7705545285	Cisco Systems Inc	471,0
ООО "МИЦУБИСИ МОТОРС РУС"	7710698978	Mitsubishi Motors	460,0
ООО "Катерпиллар Евразия"	7705639173	Caterpillar	457,0
ООО "КРКА ФАРМА"	5042060699	KRKA	451,0
ООО "Сумитек Интернейшнл"	7709340842	Sumitomo	444,0
ООО "ВФС Восток"	5047056255	Volvo Cars	442,0
ООО "ТЕВА"	7707282440	Teva	440,0
ООО "ЭССИТИ"	4704031845	Essity	439,0
ООО Клаас Восток	7723152449	Claas	435,0
ООО "ПЕЖО СИТРОЕН РУС"	7701534807	Stellantis	433,0
ООО "Хохланд Руссланд"	5040048921	Hochland	424,0
АО "БЕЙКЕР ХЬЮЗ"	7714024384	Baker Hughes	418,0
ООО "Бакарди Рус"	7706244940	Bacardi	418,0
ООО "СИЭНЭЙЧ ИНДАСТРИАЛ РУССИЯ"	1650202670	CNH Industrial	418,0
ООО "БУНГЕ СНГ"	7743084941	Bunge	417,0
ЗАО "Сандоз"	7717011640	Sandoz	404,0
АО "ИНДЕЗИТ ИНТЕРНЭШНЛ"	4823005682	Indesit	404,0
ООО "ЭПАМ Систэмз"	7719232155	EPAM	399,0
ООО "ОКТОБЛУ"	5029086747	Decathlon	397,0
ООО Данон Индустрия	5048005969	Danone	392,0
ООО "Берингер Ингельхайм"	7714103413	Boehringer	389,0
ООО "СИЭНЭЙЧ ИНДАСТРИАЛ КАПИТАЛ РУССИЯ"	5047092888	CNH Industrial	389,0
ЗАО "Рош-Москва"	7728055569	Roche	388,0
ООО "ГрупЭм"	7731529770	GroupM	381,0
ООО "КОМПАНИЯ ЛУИС ДРЕЙФУС ВОСТОК"	7710289975	Louis Dreyfus	379,0
ООО "МОБИС МОДУЛЬ СНГ"	7801463476	Hyundai	378,0
ООО "ЮНИКЛО (РУС)"	7705878750	Uniqlo	375,0
ООО "Пирелли Тайр Руссия"	7704787370	Pirelli	368,0
ООО "КАСТАМОНУ ИНТЕГРЕЙТЕД ВУД ИНДАСТРИ"	1646027030	Hayat Holding	368,0
ООО "ЭГГЕР ДРЕВПРОДУКТ ГАГАРИН"	6723019741	EGGER	367,0
ООО "Сименс"	7725025502	Siemens	365,0
ООО "СВИСС КРОНО"	4407006010	Swiss Krono	360,0
ООО "Берлин-Хеми/А. Менарини"	7703755618	Berlin-Chemie	356,0
ООО "ДЖОН ДИР РУСЬ"	5610085533	John Deere	356,0
ООО "Данфосс"	5017050538	Danfoss	353,0
ООО "Сименс Финанс"	2536247123	Siemens	349,0
АКЦИОНЕРНОЕ ОБЩЕСТВО ТАРКЕТТ РУС	7727115649	Tarkett	342,0
ООО "БРИСТОЛ-МАЙЕРС СКВИББ"	7705022542	Bristol Myers Squibb	338,0
АО "ГЛАКСОСМИТКЛЯЙН ХЕЛСКЕР"	7703105112	GlaxoSmithKline	335,0
АО "СЕРВЬЕ"	7710149544	Laboratoire Servier	332,0
ООО "Камминз"	5047053409	Cummins	332,0
ООО "РСХ"	4715026815	Sisecam	331,0
ООО "Бриджстоун СНГ"	7703204071	Bridgestone Tire	331,0
ООО ДАУ Изолан	3329040242	Dow Chemical	331,0
АКЦИОНЕРНОЕ ОБЩЕСТВО ПТИЦЕФАБРИКА СЕВЕРНАЯ	4706002688	Charoen Pokphand Foods	330,0
МастерКард ООО	7707724547	Mastercard	328,0
ООО "Технологическая Компания Шлюмберже"	7709413265	Schlumberger	324,0
АО "СОНИ ЭЛЕКТРОНИКС"	7703001265	Sony	324,0
ООО "АББ"	7727180430	ABB	324,0
ООО "СИМЕНС ЭНЕРГЕТИКА"	9705141494	Siemens Energy AG (Independent)	321,0
ООО "НСН"	7725593720	Nokia	319,0
ООО "Мак-Кинзи и Компания СиАйЭс"	7710708760	McKinsey	319,0
ООО "КАЛЦРУ"	5003046732	Calzedonia	319,0
ООО Нестле Кубань	2353018969	Nestle	313,0
МАРР РУССИЯ	7729409940	Inalca	308,0
БМВ ЛИЗИНГ	5047125036	BMW	307,0
ТЕХКОМПАНИЯ ОНОР	9731055266	Honor	304,0
ООО "Такеда Фармасьютикалс"	7711067140	Takeda	304,0
ООО "Платежная система "Виза"	7710759236	Visa	300,0
БРИДЖСТОУН ТАЙЕР МАНУФЭКЧУРИНГ СНГ	7325120984	Bridgestone Tire	296,0
ЗАО "Москва - Макдоналдс"	7710044132	McDonald's	294,0
ООО "КНАУФ ГИПС"	5024051564	Knauf Gips	290,0
ООО "НАЙК"	7702345288	Nike	290,0
ЗАО "П.Р. Русь"	7729104184	Pernod Ricard	286,0
ООО "Др. Редди`с Лабораторис"	7707321227	Dr Reddys Labs	286,0
ИНГКА СЕНТЕРС РУС ПРОПЕРТИ Б	5047202308	Ingka	283,0
ООО "МЕРК"	7743697546	Merck	282,0
ООО "КЕРАМА МАРАЦЦИ"	5752070451	Mohawk Industries	282,0
ООО НТО "ИРЭ-Полюс"	5052002745	IPG Photonic	282,0
ООО "РОКВУЛ"	5012093506	Rockwool	282,0
ООО "КРАФТХАЙНЦ ВОСТОК"	7804307179	Kraft Heinz	279,0
ООО "ЭЙВОН БЬЮТИ ПРОДАКТС КОМПАНИ"	7708234256	Avon	275,0
ООО "КЛААС"	2312104023	Claas	275,0
АО "АСТЕЛЛАС ФАРМА"	7705042683	Astellas Pharma	274,0
ООО "МСД Фармасьютикалс"	7706701593	MSD	274,0
ООО "Сделай Своими Руками"	5003042456	OBI Group	274,0
АО "АРМАДИЛЛО БИЗНЕС ПОСЫЛКА"	7713215523	DPD	272,0
ООО "Сен-Гобен Строительная Продукция Рус"	5011020537	Saint-Gobain	272,0
АО "КОЛГЕЙТ-ПАЛМОЛИВ"	5024012156	Colgate-Palmolive	271,0
ООО "МАКИТА"	7718254597	Makita Corporation	271,0
ООО "ДЖИ ЭМ АВТО"	7840336464	GM (General Motors)	269,0
ООО "АСБИС"	7717115978	ASBIS	269,0
ООО "ФОЛЬКСВАГЕН КОМПОНЕНТЫ И СЕРВИСЫ"	4029035814	Volkswagen	268,0
ООО "ОБИ ФРАНЧАЙЗИНГОВЫЙ ЦЕНТР"	7710439772	OBI Group	268,0
ООО "ХКМ ЕВРАЗИЯ"	6950130168	Hitachi Construction	268,0
ООО "Касторама РУС"	7703528301	Castorama	267,0
ООО "АЛИБАБА.КОМ (РУ)"	7703380158	Alibaba	267,0
АО "ТАРКЕТТ"	6340007043	Tarkett	265,0
ООО "БАРРИ КАЛЛЕБАУТ НЛ РАША"	5048014441	Barry Callebaut	265,0
ООО "ЛЕГО"	7707311980	Lego	264,0
ФОЛЬКСВАГЕН ГРУП ФИНАНЦ	7702349370	Volkswagen	262,0
КОМЕК МАШИНЕРИ	6674167078	Mitsui & Co.	262,0
ООО "Ригли"	7705008210	Wrigley	261,0
ООО "ТОТАЛ ВОСТОК"	7707655396	Total Energies	261,0
ООО "КРКА-РУС"	5017036276	KRKA	260,0
ООО "БЕКО"	7804157910	Beko	260,0
ООО "Сандвик Майнинг энд Констракшн СНГ"	7743051544	Sandvik	256,0
ООО "ЮПМ-Кюммене"	7709640099	UPM	256,0
ООО "Эй Джи Си Флэт Гласс Клин"	5020033028	AGC	256,0
ООО "ШАНЕЛЬ"	7702331790	Chanel	256,0
ООО "ЯМ РЕСТОРАНТС РАША"	7722561551	Yum Brands	254,0
АКЦИОНЕРНОЕ ОБЩЕСТВО ДХЛ ИНТЕРНЕШНЛ	7707033437	Deutsche Post	253,0
ООО "Кэн-Пак Завод Упаковки"	5004016145	TAPON FRANCE	253,0
ООО "СЛК ЦЕМЕНТ"	6633028244	Buzzi Unicem	251,0
ООО "ВОЛЬВО КОМПОНЕНТЫ"	5047056030	Volvo Cars	250,0
ООО "Электролюкс Рус"	7804159731	AB Electrolux	250,0
ООО "СИАРСИСИ РУС"	7730212723	China Railway Construction Corporation	247,0
ЗАО "ЗМ Россия"	7702045083	3M	246,0
ООО "ФОРЕСИЯ АУТОМОТИВ ДЕВЕЛОПМЕНТ"	7730579094	Faurecia	246,0
ООО "ХОЛСИМ (РУС) СМ"	5022050558	Holcim Group	244,0
ООО "БАЛТКО"	7707328335	Viciunai group	243,0
ООО "ЛУИ ВЮИТТОН ВОСТОК"	7710378784	Louis Vuitton	240,0
ООО "Шмитц Каргобулл Руссланд"	4703091270	Schmitz Cargobull	240,0
ООО "СИМЕНС ЗДРАВООХРАНЕНИЕ"	7725271480	Siemens Healthineers	239,0
ООО "ЭПИРОК РУС"	5047201777	Epiroc	239,0
ООО "Вичюнай-Русь"	3911008930	Viciunai group	238,0
ЗАО "ФМ ЛОЖИСТИК ВОСТОК"	5047027173	FM Logistic	236,0
ООО "ДАФ Тракс Рус"	7714836516	DAF Trucks	236,0
ООО "Шлюмберже Восток"	7709542704	Schlumberger	235,0
ООО "Инчкейп Олимп"	7842344848	Inchcape	235,0
ООО "Массимо Дутти"	7717555256	Inditex	233,0
ООО "РЕХАУ"	7709265218	Rehau	232,0
ООО "РБ ЛИЗИНГ"	7709202955	Societe Generale	231,0
ООО "Континентал Тайрс РУС"	7706560230	Continental	231,0
ООО "СЯОМИ"	7726439295	Xiaomi	231,0
ООО "ЭСТЕ ЛАУДЕР КОМПАНИЗ"	7730166315	Estee Lauder	228,0
ООО "Везерфорд"	7708639661	Weatherford	226,0
ООО "Байерсдорф"	7702226629	Beiersdorf	226,0
ООО "ГЛОВИС РУС"	7805464287	Hyundai	226,0
ООО "Илим Тимбер"	7838407799	International Paper	226,0
ООО "Горенье БТ"	7704722037	Gorenje	225,0
ООО "ХАЯТ МАРКЕТИНГ"	2315170296	Hayat Holding	224,0
ООО "ПУМА-РУС"	7701231873	Puma	224,0
ФОРД СОЛЛЕРС ХОЛДИНГ	1646021952	Ford Motor Company	222,0
ООО "ДжиИ Хэлскеа"	7719048808	GE	222,0
ООО "ОТИС Лифт"	7805223443	Otis Worldwide	219,0
ООО "Джей Си Би Раша"	7702665111	JCB	218,0
АО "ИСУЗУ РУС"	1646022089	ISUZU	218,0
АО "СМЕРФИТ КАППА РУС"	7724190750	Smurfit Kappa	217,0
ООО "Гудиер Раша"	7707296796	Goodyear	215,0
АО "ХИЛТИ ДИСТРИБЬЮШН ЛТД"	7710050305	Hilti	214,0
ООО "АМВЭЙ"	7704511011	Amway	212,5
АО "ГЕДЕОН РИХТЕР-РУС"	5011016121	Gedeon Richter	211,0
ООО "Керхер"	7705581614	Karcher	211,0
ООО "Орифлэйм Косметикс"	7704270172	Oriflame Cosmetics	210,0
ХАРМАН РУС СИАЙЭС	7703750666	Harman International	209,0
ООО "Питерформ"	7840387765	Cosym Holding	208,0
ООО "Канон Ру"	7705631079	Canon	208,0
ООО "АстраЗенека Индастриз"	4029043692	AstraZeneca	207,0
ООО "Эрманн"	5040044451	Ehrmann	204,0
ООО "ЭККО-РОС"	5042013346	Ecco	204,0
ООО "Дайсон"	7710669617	Dyson	204,0
ООО "КН"	7710431565	Kuehne + Nagel AG	204,0
ООО "Рекитт Бенкизер Хэлскэр"	7710463461	Reckitt Benckiser Group	203,0
ООО "АмРест"	7825335145	AmRest	203,0
ООО "ЦФ РУССИЯ"	7816137563	ZF Friedrichshafen	200,0
ООО "Ксерокс (СНГ)"	7705029530	Xerox	199,0
ООО "Субару Мотор"	7714176330	Subaru	196,0
ООО "ФАЦЕР"	7810356819	Fazer	196,0
ООО "Бондюэль-Кубань"	2310060010	Bonduelle	196,0
ООО "Пионер Хай-Брэд Рус"	6163104945	Pioneer	196,0
ООО "Делонги"	1646017441	Delonghi	196,0
ООО "Сименс Технологии Газовых Турбин"	7804027534	Siemens	196,0
АКЦИОНЕРНОЕ ОБЩЕСТВО МАГНА АВТОМОТИВ РУС	5256076921	Magna International	195,0
ООО "КЕЛЛОГГ РУС"	3661048688	Kellogg	194,0
ООО "ЛИЛЛИ ФАРМА"	7702219484	Eli Lilly	194,0
ООО "МЕДТРОНИК"	7703655356	Medtronic	193,0
ООО "ХайдельбергЦемент Рус"	5036074848	HeidelbergCement	192,0
ООО "Грундфос"	5042054367	Grundfos	190,0
ООО "ХАЯТ КИМЬЯ"	1646030731	Hayat Holding	189,0
ООО "СУЗУКИ МОТОР РУС"	7704558059	Suzuki	189,0
ООО "БЕЛЛА Восток"	7721504871	TZMO	186,0
ООО "Ново Нордиск"	7729427770	Novo Nordisk	186,0
ООО "ВИС"	7716118119	Wirtgen-International-Service	185,0
ООО "ДЛЛ Лизинг"	7710443169	DLL Group	185,0
ИНЧКЕЙП ХОЛДИНГ	7714700709	Inchcape	185,0
АО "РЕНЕЙССАНС КОНСТРАКШН"	7708185129	Rönesans Holding	183,0
ООО "Перфетти Ван Мелле"	5017051394	Perfetti Van Melle	183,0
ЮНГХАЙНРИХ подъемно-погрузочная техника ООО	7715364168	Jungheinrich	183,0
ООО "Селдико"	7734170383	LVMH	183,0
ЗАО "Джи Эм-АВТОВАЗ"	6320013659	Renault	182,0
ООО "Тиккурила"	7816424590	Tikkurila Oyj	182,0
ООО "Рекитт Бенкизер"	7705495411	Reckitt Benckiser Group	181,0
ООО "Б.Браун Медикал"	7825465916	B. Braun	179,0
ООО "ЮНИКРЕДИТ ЛИЗИНГ"	7710446378	UniCredit Bank	179,0
ООО "МОНЭКС ТРЕЙДИНГ"	7710323601	Mothercare	179,0
ООО "МАНГО Раша"	7810092757	Mango	179,0
АО "КПМГ"	7702019950	KPMG	179,0
ТЕК-КОМ ПРОИЗВОДСТВО	7703444041	SKF	179,0
ООО "Континентал Калуга"	4027105304	Continental	179,0
ООО "ХЬЮЛЕТТ ПАККАРД ЭНТЕРПРАЙЗ"	7743098542	HP (Hewlett-Packard)	176,0
ПРОВИМИ	7705014478	Cargill	176,0
ООО "ЭСАБ"	7704219345	ESAB	176,0
АКЦИОНЕРНОЕ ОБЩЕСТВО ШАХТОУПРАВЛЕНИЕ ОБУХОВСКАЯ	6146004404	DTEK	176,0
ООО "Мантрак Восток"	7203110241	Mansour Group	176,0
ООО "Аутспан Интернешнл"	7731537040	Olam International	174,0
ИНГКА СЕНТЕРС РУС ПРОПЕРТИ А	5047202298	Ingka	174,0
АО "ЛАКТАЛИС ВОСТОК"	7716128854	Lactalis	172,0
ООО "СИМЕНС МОБИЛЬНОСТЬ"	9705122340	Siemens Mobility	172,0
ООО "Понссе"	7841312240	Ponsse PLC	172,0
ООО "Бершка СНГ"	7717555224	Inditex	169,0
ООО "ФАВ-ВОСТОЧНАЯ ЕВРОПА"	7726571783	FAW Group	168,0
ООО "Зельгрос"	5050058510	Selgros	167,0
ООО КШТЭ ВОСТОК	7704514742	Karl Storz	164,0
ООО "ГЕРБАЛАЙФ ИНТЕРНЭШНЛ РС"	7702512933	Herbalife	164,0
АО "АТЛАС КОПКО"	7710218759	Atlas Copco	164,0
ООО " БИСИДЖИ"	7710927201	BCG (Boston Consulting Group)	163,0
ООО "СТОРА ЭНСО ПАКАДЖИНГ ББ"	4003014954	Stora Enso	163,0
ООО "Грундфос Истра"	5017047704	Grundfos	161,0
ООО "ИМПЕРИАЛ ТОБАККО ВОЛГА"	3443033593	Imperial Brands	158,0
ООО "СПАР Тула"	7104044982	SPAR	157,0
OPEN JOINT STOCK COMPANY TERNEYLES	2528000813	Sumitomo	156,0
ООО "Шисейдо (РУС)"	7705788023	Shiseido	154,0
ООО "Комацу Мэнуфэкчуринг Рус"	7604126295	Komatsu	154,0
АЗОВСКИЙ ЗЕРНОВОЙ ТЕРМИНАЛ	7734428522	Olam International	153,0
ООО "ЭВОНИК ХИМИЯ"	7729527750	Evonik	153,0
ООО "АКСЕНЧЕР"	7705476338	Accenture	153,0
ООО "Хенкель Баутехник"	5022031259	Henkel	151,0
ООО "СК "ПЕТРОАЛЬЯНС"	7708084402	Schlumberger	151,0
ООО "КАМПИНА"	5045021970	Campina, LLC	151,0
ООО "АМДЖЕН"	7705750830	Amgen	151,0
ООО "ИКЕА СЕНТЕРС РУС ОПЕРЭЙШН"	5047175485	IKEA	151,0
АО "СЖС ВОСТОК ЛИМИТЕД"	7703007980	SGS	150,0
ОЛИМПАС МОСКВА	7703026005	Olympus	150,0
ООО "АГКО МАШИНЕРИ"	7702616330	AGCO	150,0
ООО "НетКрэкер"	7713511177	Netcracker Technology	149,0
АО "ИЛИМ ГОФРА"	4705034655	International Paper	149,0
ООО "ИБМ ВЕА"	7705041866	IBM	146,0
ООО "ЛЕГРАН"	7718254822	Legrand	146,0
ООО "КНАУФ ГИПС КУБАНЬ"	2342018036	Knauf Gips	146,0
СТЭНЛИ БЛЭК ЭНД ДЕККЕР	7705987830	Stanley Black & Decker	145,0
АО "ШЕНКЕР"	7810944666	DB Schenker	144,0
ООО "Шэффлер Руссланд"	7714647727	Schaeffler	144,0
ООО "Люксофт Профешнл"	7713605227	Luxoft	144,0
ООО "Пулл энд Беар СНГ"	7717555231	Inditex	144,0
ООО УОЛТ ДИСНЕЙ КОМПАНИ СНГ	7710608533	Disney	144,0
ООО "ТЕХЦЕНТР ДОЙЧЕ БАНКА"	7714941430	Deutsche Bank	143,0
ООО "ИПСЕН"	7709721774	Ipsen	143,0
ООО "Фригогласс Евразия"	5752019857	Frigoglass	143,0
Алпла ООО	5056000026	ALPLA	143,0
ООО "Катерпиллар Файнэншл"	7707306927	Caterpillar	143,0
ООО "БОЛЛ ВСЕВОЛОЖСК"	4703065337	Ball Corporation	142,0
ООО "ХЕНДЭ СТИЛ РУС"	7813442054	Hyundai	142,0
ООО "ДХЛ ГЛОБАЛ ФОРВАРДИНГ"	5047157655	DHL	142,0
ООО "ЭббВи"	7743855873	AbbVie	140,0
ООО "Пармалат МК"	7704191474	Parmalat	140,0
ООО "ЗТИ- Связьтехнологии"	7717147218	ZTE	140,0
ООО "БЕЛЛА"	5011021499	TZMO	139,0
ООО "ИКЕА Индастри Новгород"	5310011273	IKEA	139,0
ОТКРЫТОЕ АКЦИОНЕРНОЕ ОБЩЕСТВО ЭЙ ДЖИ СИ БОРСКИЙ СТЕКОЛЬНЫЙ ЗАВОД	5246002261	AGC	139,0
ЗАО "Хантсман-НМГ"	4025044085	Huntsman Corporation	139,0
МАЙЕР-МЕЛНХОФ ХОЛЬЦ ЕФИМОВСКИЙ	4715778325	Mayr-Melnhof	139,0
ООО "КИОСЕРА Документ Солюшенз Рус"	7702760975	Kyocera	138,0
ООО "АЛД АВТОМОТИВ"	7725514969	ALD Automotive	138,0
ООО "Шторк"	7710233193	August Storck	138,0
ООО "СЕТРА ЛУБРИКАНТС"	7707240176	BP (British Petroleum)	138,0
ДЁЛЕР НЭЙЧРЭЛ ФУД ЭНД БЕВЭРИДЖ ИНГРЕДИЕНТС	7704030318	Döhler	137,0
ТЕХНИКА ДЛЯ ДОМА ФИЛИПС	9703016882	Philips	137,0
ООО "Эмерсон"	7705130530	Emerson Electric	136,0
ООО "ДЖИИ РУС"	7705574092	GE (General Electric International (Benelux) B.V. )	136,0
АКЦИОНЕРНОЕ ОБЩЕСТВО ХОНЕВЕЛЛ	7710065870	Honeywell	136,0
ООО "РАЙФФАЙЗЕН-ЛИЗИНГ"	7702278747	Raiffeisen	136,0
ООО "ЦЕРСАНИТ ТРЕЙД"	7718640257	Cersanit	136,0
ООО "ТОЙОТА БОШОКУ"	7840337919	Toyota	135,0
ООО "АЛКОН ФАРМАЦЕВТИКА"	7709354370	Alcon	135,0
ООО "ОРАНЖ БИЗНЕС СЕРВИСЕЗ"	7710456087	Orange Business Services	133,0
ООО "Вило Рус"	7702176142	Wilo SE	133,0
ООО "Рош Диагностика Рус"	7702719945	Roche	133,0
ООО "КНАУФ Инсулейшн"	5045033365	Knauf Gips	133,0
ООО "ПрайсвотерхаусКуперс Консультирование"	7710764839	PwC	132,0
ООО "Леви Штраусс Москва"	7707672105	Levi Strauss	131,0
ООО "Жефко"	7704505900	GEFCO Group	129,0
ООО "ЙОКОХАМА РУС"	5047065059	Yokohama	129,0
ЗАО "КАММИНЗ КАМА"	1650142011	Cummins	129,0
ООО "ВЕКА Рус"	7728165949	VEKA AG	128,0
ООО "МАНН+ХУММЕЛЬ"	7715651116	Mann+Hummel	128,0
СОФТВЭРУАН	5044057860	SoftwareONE	127,0
БЕНТЕЛЕР АУТОМОТИВ	5321119656	Benteler International	127,0
ООО "ХЕСОН РУС"	7722811106	Hyosung	126,0
ООО "Хухтамаки С.Н.Г."	7724000760	Huhtamaki	126,0
ООО "Ти Пи Ви Си-Ай-Эс"	4703119938	TPV Group	126,0
ООО "ЭОС"	7714704125	EOS	126,0
ООО "РЕХАУ Продукцион"	7709391854	Rehau	126,0
СИМЕНС ГАМЕСА РЕНЬЮЭБЛ ЭНЕРДЖИ	9705113056	Siemens Energy AG (Independent)	126,0
ООО "БАРИЛЛА РУС"	5044022794	Barilla Group	125,0
ФЕС ПРОДУКТ	5007049413	Future Group	125,0
ООО "ЭГГЕР ДРЕВПРОДУКТ ШУЯ"	7704267807	EGGER	125,0
ООО "ПЕРИ"	7703564677	PERI Group	125,0
СОФТ ЛОДЖИСТИК	7702619370	Softline International	124,0
ООО "Штраус"	7726584503	Strauss Coffee	124,0
ООО "Ориент Хоусхолд Апплиансес"	7714702390	Midea Group	124,0
ООО "МЕТСО ОУТОТЕК"	7810339041	Metso Outotec	124,0
ООО "Метабо Евразия"	7743520370	Metabowerke	124,0
ООО "Ивеко Руссия"	7743601156	Iveco	124,0
САМСУНГ СДС РУС	7704833266	Samsung	124,0
САММИТ МОТОРС (ВЛАДИВОСТОК)	2543070614	Sumitomo	123,0
ООО "КАРЛСБЕРГ ВОСТОЧНАЯ ЕВРОПА"	7802831436	Carlsberg Group	122,0
ООО "Онтэкс РУ"	5044046964	Ontex Group	122,0
ООО "Мордрага"	7838315890	DEME	121,0
ООО "КСА ДОЙТАГ РАША"	6501145128	KCA Deutag	121,0
АО "ДОЙЧЕ ЛИЗИНГ ВОСТОК"	7707282610	Deutsche Leasing	121,0
ООО "Ред Булл (Рус)"	7704532646	Red Bull	121,0
ООО "АМКОР ФЛЕКСИБЛЗ НОВГОРОД"	5321099632	AMCOR	121,0
ООО "Гроэ"	7724502632	Grohe	119,0
ООО "Сделай Своими Руками Северо-Запад"	7802354624	OBI Group	119,0
ООО "ДЖ.Т.И. ДОНСКОЙ ТАБАК"	6162060967	Japan Tobacco International	119,0
ООО "ЭГИС-РУС"	7715644750	Egis	118,0
АО "АР КАРТОН"	2353017002	AP Packaging	118,0
ООО "Кристиан Диор Кутюр Столешников"	7707583102	Christian Dior	118,0
АО "СТОКМАНН"	7717145242	Stockmann	117,0
ООО «Эрнст энд Янг - оценка и консультационные услуги»	7705637264	EY	115,0
ООО "КАНДИ С.Н.Г."	7704512015	Candy	115,0
ООО "Камоцци Пневматика"	7710028420	Camozzi Group	115,0
ООО "Гардиан Стекло Ростов"	6148559000	Guardian Industries	115,0
ФРОНЕРИ РУС	9705068847	Froneri	114,0
ООО "ЮПМ-Кюммене Чудово"	5318007590	UPM	114,0
ООО "ДИАДЖЕО БРЕНДЗ ДИСТРИБЬЮТОРЗ"	7707512341	Diageo	114,0
ООО "Пилкингтон Гласс"	5040054932	Pilkington	114,0
ООО "БЕЙКЕР ХЬЮЗ РУС ИНФРА"	7703636314	Baker Hughes	113,0
ООО "КНАУФ ГИПС НОВОМОСКОВСК"	7116502098	Knauf Gips	113,0
ООО "АМКОР ТП НОВГОРОД"	5321070760	AMCOR	113,0
ООО "Валио"	7801467537	Valio	113,0
ООО "САФ-НЕВА"	7826691266	Lesaffre	113,0
ООО "КНАУФ ГИПС КОЛПИНО"	7817302330	Knauf Gips	113,0
ГАРДИАН СТЕКЛО РЯЗАНЬ	6234017547	Guardian Industries	113,0
АМАЗОНЕ ООО	5036068160	Amazone	113,0
ООО "Аристон Термо Русь"	4703066115	Ariston	111,0
ООО "ТиссенКрупп Элеватор"	7703342145	ThyssenKrupp	111,0
ООО "КНАУФ ГИПС БАЙКАЛ"	3851004128	Knauf Gips	111,0
ООО "Страдивариус СНГ"	7717555217	Inditex	111,0
ООО "Грайф Пермь"	5905221661	Greif	111,0
ООО "Солар Турбинс СиАйЭс"	7705879048	Caterpillar	111,0
ООО "Крес Нева"	4720011412	Japan Tobacco International	110,0
ДЖОНСОН МАТТИ КАТАЛИЗАТОРЫ	2462036622	Johnson Matthey	110,0
ООО Миле СНГ	7705213811	Miele	110,0
ЭНКА ТЦ	7702190316	Enka İnşaat ve Sanayi A.Ş.	110,0
ИНЧКЕЙП Т	7743601124	Inchcape	109,0
МУСА МОТОРС ДЖЕЙ ЭЛ ЭР	7714706838	Inchcape	108,0
ООО "БДР ТЕРМИЯ РУС"	7717615508	BDR Thermea	108,0
КАТКОНЕФТЬ	8608180009	Petro Welt Technologies	107,0
КЕЛЛИ СЕРВИСЕЗ СИ-АЙ-ЭС	7710284310	Kelly	107,0
ООО "Мерц Фарма"	7714689244	Merz Pharma	107,0
ООО "МАРКА РУС"	7705675358	Marks & Spencer	107,0
ООО "ССАБ СНГ"	7816366147	SSAB	107,0
АКЦИОНЕРНОЕ ОБЩЕСТВО БЕЛГОРОДСКИЙ МОЛОЧНЫЙ КОМБИНАТ	3124011000	Parmalat	106,0
АКЦИОНЕРНОЕ ОБЩЕСТВО ЛИНДЕ ГАЗ РУС	5001000041	Linde	106,0
ООО "ХЬЮГО БОСС РУС"	7705998285	Hugo Boss	106,0
АКЦИОНЕРНОЕ ОБЩЕСТВО ОРАКЛ КОМПЬЮТЕРНОЕ ОБОРУДОВАНИЕ	7728161870	Sun Microsystems	105,0
ООО "МИЦУБИСИ ЭЛЕКТРИК (РУС)"	7705515114	Mitsubishi Motors	104,0
АО "РЕЗИНЕКС РУС"	7704691396	Resinex	104,0
ООО "Юнилин"	5249098593	Mohawk Industries	104,0
ООО "Аллерган СНГ САРЛ"	7709771398	Allergan	104,0
ЗАО "Элопак"	7729363291	Elopak	103,0
ООО "Сириал Партнерс Рус"	7705598512	Nestle	103,0
ООО "Содексо ЕвроАзия"	7722267655	Sodexo	103,0
РЕЙЛ КАРГО ЛОГИСТИКС - РУС	6659090952	Rail Cargo Group	103,0
ООО "ПФАЙЗЕР"	7709722633	Pfizer	101,0
ООО "Ив Роше Восток"	7710217064	Yves Rocher	101,0
ООО "Маттел"	7710747833	Mattel	101,0
ООО "Свотч Груп (РУС)"	7704582037	Swatch	101,0
ООО "Хасбро Раша"	5047129351	Hasbro	100,0
ООО "шаттдекор"	5049011877	Schattdecor	100,0
ООО "КВС Интернэшнл"	7725778471	Calfrac Well Services	100,0
АО "МЭРИ КЭЙ"	7716027060	Mary Kay	99,0
АКЦИОНЕРНОЕ ОБЩЕСТВО БЕЛЕБЕЕВСКИЙ ОРДЕНА ЗНАК ПОЧЕТА МОЛОЧНЫЙ КОМБИНАТ	255000046	Groupe Savencia	99,0
ООО "Хонда Мотор РУС"	7710529289	Honda	99,0
АО "АЛЬФА ЛАВАЛЬ ПОТОК"	5018035564	Alfa Laval	99,0
ООО "Хино Моторс Сэйлс"	7703669870	Hino Motors	99,0
АКЦИОНЕРНОЕ ОБЩЕСТВО СИЛД ЭЙР КАУСТИК	3448003994	Sealed Air	98,0
ЗАО "профайн РУС"	7707131508	HT Troplast	97,0
ЗАО "КЕРАМА ЦЕНТР"	7722003980	Mohawk Industries	97,0
ЦФ КАМА	1650126122	ZF Friedrichshafen	97,0
ООО "Порше Центр Москва"	7743639128	Porsche	97,0
ООО "Тойота Цусе РУС"	7810060890	Toyota	97,0
ПОЛАР СИФУД РАША	5030064498	Polar Seafood Group	97,0
ЗАО "Фрезениус СП"	7736045187	Fresenius	96,0
ООО "Майкрософт Рус"	7743528989	Microsoft	96,0
ООО "МЕРСЕДЕС-БЕНЦ МАНУФЭКЧУРИНГ РУС"	5029213040	Daimler	96,0
АКЦИОНЕРНОЕ ОБЩЕСТВО ВЕСТА	4346047144	Candy	96,0
ООО "РОШ ДИАБЕТЕС КЕА РУС"	7702401278	Roche	96,0
ООО "КНАУФ ГИПС ЧЕЛЯБИНСК"	7447141540	Knauf Gips	96,0
ООО "ЛЕОНИ РУС"	5248023242	Leoni AG	96,0
ООО "АРПИ КАНОН МЕДИКАЛ СИСТЕМЗ"	7728485265	Canon Medical Systems	96,0
АО "Тракья Гласс Рус"	1646027023	Sisecam	96,0
ООО "Прада Рус"	7718729515	Prada	96,0
ООО "ФНС СНГ"	5075030450	LX Pantos	96,0
БОШ ТЕРМОТЕХНИКА	7724506852	Robert Bosch	95,0
ОТКРЫТОЕ АКЦИОНЕРНОЕ ОБЩЕСТВО ВОЛЖСКИЙ АБРАЗИВНЫЙ ЗАВОД	3435000467	Carborundum Universal	95,0
ООО "Хускварна"	5047004970	Husqvarna	94,0
ООО "Аггреко Евразия"	7705838531	AGGREKO UK	94,0
ООО "ЭР ЛИКИД"	7709606250	Air Liquide	94,0
ООО "КЛАРАНС"	7704549978	Clarins	93,0
ХУАДЯНЬ-ТЕНИНСКАЯ ТЭЦ	7604217961	China Huadian Corporation	93,0
ООО "ДЖИИКСО ЛОДЖИСТИКС"	5260168445	GXO Logistics	93,0
ООО "Риттер Спорт Шоколад"	7704252536	Ritter Sport	93,0
ООО "Банг и Бонсомер"	7726568572	Bang & Bonsomer	93,0
ЗАО "ПУРАТОС"	7702048461	Puratos	93,0
ООО "ЮСЕН ЛОДЖИСТИКС РУС"	7734515704	Yusen Logistics	93,0
АО "КОНЕ ЛИФТС"	7704186604	Kone	92,0
ТР-ЛИНК	7718782082	TP-Link	92,0
ООО "ММ ПОФ Пэкэджинг"	4720022460	Mayr-Melnhof	92,0
ООО "Амкор ТП Санкт-Петербург"	7842315276	AMCOR	92,0
ООО "Новартис Нева"	7814494665	Novartis	92,0
АТОС АЙТИ СОЛЮШЕНС ЭНД СЕРВИСЕЗ	7725707142	Atos	91,0
ООО "ИнтеллиДжей Лабс"	7811117852	JetBrains s.r.o.	90,0
ООО "Петроком - Липецк"	4825041742	AkzoNobel	90,0
ООО "БРЕННТАГ"	7704564743	Brenntag	90,0
ООО "Сименс Трансформаторы"	3662149488	Siemens	90,0
БЕКМЕН КУЛЬТЕР	7710745138	Danaher	90,0
МАММУТ РУС	9726004298	Mammoet	90,0
АО "ЮИТ САНКТ-ПЕТЕРБУРГ"	7814313164	YIT	89,0
ООО "БОНАВА САНКТ-ПЕТЕРБУРГ"	7841322136	Bonava	89,0
ООО "СИГНИФАЙ ЕВРАЗИЯ"	7703388189	Signify	89,0
ООО "ЗОЭТИС"	7709657102	Zoetis	89,0
ООО "Феникс Контакт РУС"	7702332747	Phoenix Contact	89,0
ООО "САНДОРА"	7731309975	Pepsi	89,0
ООО "Йура Корпорейшн РУС"	7801464688	Yura Corporation	89,0
ООО "КВС РУС"	7728179035	KWS SAAT	89,0
АО "ПАНАЛЬПИНА УОРЛД ТРАНСПОРТ"	7729119110	DSV A/S	89,0
ООО "ГЕА РЕФРИЖЕРЕЙШН РУС"	7719217750	GEA Refrigeration Technologies	88,0
ООО "Сервис центр ЭПУ"	8604025355	Schlumberger	88,0
ООО "ЭРИСМАНН"	7727249875	Erismann & Cie.	88,0
ООО "ОБИ Прямой Импорт и Поставки"	7714873934	OBI Group	88,0
ХАНСА	5310013320	Amica	88,0
ППГ ИНДАСТРИЗ	7715544379	PPG	88,0
ООО "ЯЗАКИ ВОЛГА"	5248030708	Yazaki	88,0
ООО "ЧИПИТА САНКТ-ПЕТЕРБУРГ"	7807061269	Chipita	88,0
ООО "АйВиСи-Восток"	7627032100	Reima	88,0
ООО "Мется Свирь"	4711005733	Metsä Group	88,0
АКЦИОНЕРНОЕ ОБЩЕСТВО ПРОМЫШЛЕННАЯ ГРУППА МЕТРАН	7448024720	Emerson Electric	87,0
МГЛ МЕТРО ГРУП ЛОГИСТИКС	7743534848	Metro AG	86,0
ООО "КАРЛ ЦЕЙСС"	7701234835	Carl Zeiss	86,0
ООО "КАМПАРИ РУС"	7723560448	Campari	86,0
КУБ ЕВРАЗИЯ	7728814569	KYB Corporation	86,0
АО "ПВК АУДИТ"	7705051102	PwC	85,0
ООО "МОЕТ ХЕННЕССИ ДИСТРИБЬЮШН РУС"	7706614654	LVMH	85,0
ЛИНДЕ ИНЖИНИРИНГ РУС	6315643246	Linde	85,0
МЕГА БЕЛАЯ ДАЧА	5027108265	Ingka	85,0
ООО "Кока-Кола Софт Дринк Консалтинг"	7701206556	Coca-Cola	85,0
АККУРАЙД УИЛЗ РУССИА	7714830585	Accuride	85,0
АКЦИОНЕРНОЕ ОБЩЕСТВО РАНБАКСИ	7720508094	Sun Pharma	84,0
ООО "АРВАЛ"	7743601808	BNP Paribas	83,0
ООО "Фуяо Стекло Рус"	4028047687	Fuyao Glass Industry Group	83,0
ООО "ГАЛЕРЕЯ-АЛЕКС"	7704520601	KFC	83,0
ООО "ХОРШ Русь"	4813013074	HORSCH	83,0
ООО "ИОКОГАВА ЭЛЕКТРИК СНГ"	7703152232	Yokogawa	82,0
ООО "ВАЙЛАНТ ГРУП РУС"	7726544821	Vaillant Group	82,0
ЗАО "АКЗО НОБЕЛЬ ДЕКОР"	5001027607	AkzoNobel	82,0
ООО "Катерпиллар Тосно"	4716010046	Caterpillar	82,0
ООО "Бекарт Липецк"	4802011068	Bekaert	82,0
ООО "ОНДУЛИН"	7728193865	Onduline Group	82,0
ООО "ВИВО РУС"	5024179740	Vivo	82,0
ООО "Рейма"	7707747022	Reima	81,0
ООО "Йотун Пэйнтс"	7805360880	Jotun	81,0
ООО "Суффле Агро Рус"	4802010280	Soufflet Group	81,0
ПОТЕНЦИАЛ	1217006507	Schneider Electric	81,0
ООО ДАУ Кемикал	7735096894	Dow Chemical	81,0
САРТОРИУС СТЕДИМ РУС	7816393060	Sartorius AG	81,0
ТЮМЕНСКИЙ ЗАВОД НЕФТЕПРОМЫСЛОВОГО ОБОРУДОВАНИЯ	7203284939	Baker Hughes	80,0
ООО "АСТОН КРАХМАЛО-ПРОДУКТЫ"	6225010432	ADM	79,2
ООО "ХОЛСИМ(РУС)"	6441025673	Holcim Group	79,0
ЗАО "БЕРЛИН-ФАРМА"	7714033558	Berlin-Chemie	79,0
ООО "Гленмарк Импэкс"	7709345865	Glenmark Pharmaceuticals	79,0
АКЦИОНЕРНОЕ ОБЩЕСТВО ШУКО ИНТЕРНАЦИОНАЛ МОСКВА	5044019801	Schüco	79,0
РОБЕРТ БОШ САРАТОВ	6449069048	Robert Bosch	79,0
ООО "МАНИТУ ВОСТОК"	3123148034	Manitou Group	78,0
ООО "ДМГ МОРИ РУС"	7707537258	DMG MORI AKTIENGESELLSCHAFT	78,0
ООО "Керри"	7707597514	Kerry group	78,0
ООО "Тэлко"	7802160570	Aspo	78,0
ООО "БОСКАЛИС"	7814387166	Boskalis	78,0
ООО "ААК"	7709851438	AAK	78,0
АКЦИОНЕРНОЕ ОБЩЕСТВО НОВО-ШИРОКИНСКИЙ РУДНИК	7504001084	Highland Gold	76,0
ООО "СНГТ"	6501203041	Fluor Corporation	76,0
ООО "САНДВИК"	7715575578	Sandvik Coromant	76,0
ООО "Бош Пауэр Тулз"	6449043071	Robert Bosch	76,0
ООО "ЭФЭМСИ"	7706287767	Cheminova A/S	76,0
ООО "ИКЕА ИНДАСТРИ ТИХВИН"	4715011103	IKEA	76,0
ООО "ЛОДЕ"	7709828703	Devanlay-Eren	76,0
ООО "ФЛСМИДТ РУС"	7729591347	FL Smidth	76,0
ООО "Клариант (РУС)"	7727554212	Clariant AG	75,0
КАТОЙЛ-ДРИЛЛИНГ	8608052470	Petro Welt Technologies	75,0
ООО "Ямаха Мотор Си-Ай-Эс"	7743558302	Yamaha Motor Company	75,0
ООО "ГЕА Фарм Технолоджиз Рус"	7701317584	GEA Refrigeration Technologies	75,0
ООО "Лимагрен РУ"	2310138468	GROUPE LIMAGRAIN/JACQUET-BROSSARD	75,0
АО "САН КЕМИКЭЛ"	7719002190	Sun Chemical	75,0
ООО "Л`ОКСИТАН РУС"	7707591760	L'Occitane	75,0
ООО "РЕНУС ИНТЕРМОДАЛ СИСТЕМС"	7810281169	Rhenus Intermodal Systems	75,0
ООО "БПВ-ОСТ"	7718239800	BPW	75,0
ВАНЬХУА БОРШОДКЕМ РУС	7707412139	Wanhua Chemical Group	75,0
ООО "ЭЙ энд ДИ РУС"	7731547200	A&D	74,0
ООО "Паулиг Рус"	6949003920	Paulig	74,0
ООО "Стора Энсо Форест Вест"	7841001397	Stora Enso	74,0
КАТОБЬНЕФТЬ	8603023073	Petro Welt Technologies	73,0
ДЖОЙСОН СЕЙФТИ СИСТЕМС РУС	7325097407	Joyson Safety Systems	73,0
СЕРТОВ	5043024478	Solvay	72,0
ООО "АГРАНА Фрут Московский регион"	5050040270	AGRANA	72,0
ООО "Аллер Петфуд"	4703074719	Aller Petfood Group A/S	72,0
ООО "БАСФ Восток"	7710317252	BASF SE	72,0
ООО "КОФЕ СИРЕНА"	7714685546	Starbucks	72,0
ООО "ДОШИРАК КОЯ"	5040055742	Paldo Food Co	72,0
ООО "ПУЧ РУС"	7710870594	PUIG SL	72,0
ООО "Трау Нутришен Воронеж"	3123158515	Nutreco	72,0
ТОЙО ТАЯ РУС	7707678121	Toyo Tires	71,0
ООО "ТЕМА РИТЕЙЛ РУ"	7715867370	LC Waikiki	71,0
НВХ РУС	7840394360	NVH Korea	71,0
ООО "НЬЮ ЙОРКЕР РУС"	7705886895	New Yorker Group Services	71,0
ООО "НЬЮ ЙОРКЕР Ритейл РУС"	7705886905	New Yorker Group Services	71,0
ЗАКРЫТОЕ АКЦИОНЕРНОЕ ОБЩЕСТВО ДАНИСКО	7736133436	Danisco	70,0
ООО "Мобил Ойл Лубрикантс"	7707238770	ExxonMobil	69,0
РОЛЛС-РОЙС СОЛЮШЕНС РУС	7728849515	Rolls Royce	69,0
ООО "АРМСТРОНГ ВОРЛД ИНДАСТРИЗ"	7728631727	Armstrong World Industries	69,0
ХЕНДЭ ТРАК ЭНД БАС РУС	7703416710	Hyundai	69,0
ООО "ЗАМБОН ФАРМА"	7704654651	Zambon	69,0
ООО "Ойшо СНГ"	7717574107	Inditex	69,0
ООО "ВАБКО РУС"	7717695969	WABCO Holdings	69,0
ООО "Бентек"	3906134785	Bentec	69,0
ООО "Хасслахерлес"	5307007478	HASSLACHER Holding	69,0
ГУЧЧИ РУС	7708790060	Gucci	69,0
ОАО "МОС ОТИС"	7728054220	Otis Worldwide	68,0
ООО "ЗЕНТИВА ФАРМА"	7707202163	Zentiva	68,0
ООО "ДТ АЙТИ РУС"	7708807718	Deutsche Telekom	68,0
ЗАО "ЭРИКССОН КОРПОРАЦИЯ АО"	7731140006	Ericsson	68,0
ООО "МАРЧЕГАЛИЯ РУ"	7702681272	Marcegaglia	68,0
ООО "ЗИКА"	7714305360	Sika	68,0
ООО "ПОСУДА"	5246020905	Sisecam	68,0
КЛ ГРУПП	7709986587	United Shipping & Trading Company	68,0
ООО "Сетново"	5306006224	Stora Enso	68,0
ХАЙЕР ИНДАСТРИ РУС	1650371043	Haier	68,0
ООО "ДИСНЕЙ СТУДИОС"	7704747151	Disney	68,0
ООО "Панасоник Рус"	7728524637	Panasonic	67,0
ООО "АРЛА ФУДС"	7813382535	Arla Foods	67,0
ПЕТЕРБУРГ ПРОДАКТС ИНТЕРНЕШНЛ	7820068471	Procter & Gamble	67,0
ООО "Линде Материал Хэндлинг Рус"	7717702020	Linde	67,0
РОБЕРТ БОШ САМАРА	6330056813	Robert Bosch	67,0
АО "ФМ ЛОЖИСТИК РУС"	5048081913	FM Logistic	67,0
ООО "Либхерр-Нижний Новгород"	5262155681	Liebherr	67,0
ООО "Мется Форест Подпорожье"	4711002404	Metsa	67,0
ЭЛАСТОКАМ	1651027131	BASF SE	67,0
ЮНИВЕРСАЛ ПИКЧЕРС ИНТЕРНЭШНЛ	7703693915	Universal Pictures	67,0
ООО "Джой Глобал"	4211010319	Komatsu	65,0
ООО "Б. Браун Авитум Руссланд"	7801448742	B. Braun	65,0
ООО "ЙОКОХАМА Р.П.З."	4802011710	Yokohama	65,0
ДСМ НУТРИШНЛ ПРОДУКТС РУС	1650206593	DSM	65,0
ООО "Хеллманн"	7722637955	HEE Trans European Management GmbH	65,0
ООО "ХЕНДЭ ИНЖИНИРИНГ РУС"	7702663731	Hyundai	65,0
ПРО ВОСТОК	7725498851	Leroy Merlin	65,0
ОУ-ОУ-СИ-ЭЛ ЛОГИСТИКА (РАША) ЛИМИТЕД	7805600733	OOCL (Orient Overseas Container Line Limited)	65,0
ООО "Риттал"	7716218811	Rittal	64,0
ООО "МБС СТРОИТЕЛЬНЫЕ СИСТЕМЫ"	5074024703	BASF SE	64,0
АЛЬЯНС МОТОР ТЮМЕНЬ	7203250471	Claas	64,0
ООО "Виссманн"	7716168776	Viessmann	64,0
МАРЕЛЛИ АУТОМОТИВ ЛАЙТИНГ РУС	6230025811	Magneti Marelli	64,0
ЕВРАЛИС СЕМАНС РУС	6167087786	Lidea	64,0
ООО "ДЕНСО РУС"	7714786181	Denso	64,0
ООО "Доширак Рязань"	2509059709	Paldo Food Co	64,0
ООО "Крокс Си-Ай-Эс"	7705829600	Crocs	64,0
ООО "ТИФФАНИ РАША"	7709901304	Tiffany & Co.	64,0
СОДЖИЦ	7703358811	Sojitz	64,0
ООО "Техкорм"	7706620619	Nutreco	63,0
ДРТ КОНСАЛТИНГ	7710976720	Deloitte	63,0
ООО "РОКА РУС"	4716020686	Roca	63,0
ООО "ГЕОКС РУС"	7718813164	Geox	63,0
ОРИОН ФАРМА	7704642198	Orion	63,0
ООО "МОНДИ ЛЕБЕДЯНЬ"	4811025162	Mondi Group	63,0
ОМИА УРАЛ	7708508323	Omya	62,0
АКЦИОНЕРНОЕ ОБЩЕСТВО ЛЕДВАНС	6731002815	LEDVANCE	61,0
ООО "ГЕТТАКСИ РУС"	7704794345	Gett	61,0
ООО "ЭВЬЯП РУС"	7705549353	Evyap	61,0
ООО "Сименс ЭП"	7806330254	Siemens	61,0
ООО "Контейнекс РУС"	7729571397	CONTAINEX	61,0
АКЦИОНЕРНОЕ ОБЩЕСТВО МИЛИТЦЕР И МЮНХ	7706603589	Militzer & Münch	61,0
СЕТЛЕС	1005140010	Stora Enso	61,0
ООО "Сисмекс РУС"	7714827600	Sysmex Europe	61,0
ООО "ЛЕМКЕН-РУС"	5007049244	LEMKEN	60,0
ООО "Эндресс + Хаузер"	7718245754	Endress+Hauser	60,0
ООО "ПАУЛЬ ХАРТМАНН"	7710258600	HARTMANN GROUP	60,0
ООО "АСИКС РУС"	7710720863	Asics	60,0
СЕВА САНТЕ АНИМАЛЬ	7729370210	Ceva Santé Animale	60,0
ООО "ИДЕМИТСУ ЛУБРИКАНТС РУС"	7702743313	Idemitsu	60,0
ООО "Хеттих РУС"	5035012687	Hettich	60,0
ООО "Дюпон Наука и Технологии"	7710437944	Corteva Agriscience	60,0
ООО "ФЕРДИНАНД БИЛЬШТАЙН РУС"	7728798878	Bilstein	60,0
ЗАО "АМЕР СПОРТС"	5003052687	Amer Sports	60,0
ООО "МАЛЕ РУС"	7725600174	Mahle	60,0
ООО "САФ-ХОЛЛАНД Рус"	7702041346	SAF-Holland	60,0
КЕМУР КЕМИКАЛС РУС	7731479159	Chemours	59,0
ООО "ВАН ООРД РДМК"	7713345498	Van Oord	58,0
ООО "Хиллс Пет Нутришн"	7704737837	Hill's Pet Nutrition	58,0
ООО "ВЕИР МИНЕРАЛЗ РФЗ"	7702341685	Weir Minerals RFZ	58,0
ООО "ЯМАХА МЮЗИК"	7701732291	Yamaha Music	58,0
ООО "Тойота Тсусё Техника"	5029094160	Toyota	58,0
САРИЯ БИО-ИНДАСТРИС ВОЛГА	4811009629	Rethmann	58,0
ВЕСТАС МЭНЬЮФЭКЧУРИНГ РУС	7327083946	Vestas	57,0
ООО "Фрезениус Каби"	7704689446	Fresenius	57,0
ООО "ФИРМА "РАДИУС-СЕРВИС"	5904017215	Schlumberger	57,0
ФРЕЗЕНИУС НЕФРОКЕА ООО	7736522023	Fresenius	57,0
ЦЕНТР САНРАЙЗ	7814706158	Sojitz	57,0
ООО "АКЗО НОБЕЛЬ ЛАКОКРАСКА"	5034019048	AkzoNobel	57,0
ООО "Безен Хелскеа РУС"	7715661354	Besins Healthcare	57,0
ЦЕНТР КОРПОРАТИВНЫХ РЕШЕНИЙ	4823040990	Fletcher Hotels	57,0
ООО "ЮНАЙТЕД ПАРСЕЛ СЕРВИС (РУС)"	7707280394	UPS	57,0
КГ СТРОЙ СИСТЕМЫ	7816377614	Knauf Gips	57,0
ООО "МОНДИ ПЕРЕСЛАВЛЬ"	7608021328	Mondi Group	57,0
ООО "ЕПК - БРЕНКО ПОДШИПНИКОВАЯ КОМПАНИЯ"	6451421154	Amsted Rail Company	57,0
ООО "МЕДИТЕРРАНЕАН ШИППИНГ КОМПАНИ РУСЬ"	7805111901	Mediterranean Shipping Company	57,0
ООО "ХИТАЧИ ЭНЕРДЖИ"	7722477719	Hitachi	56,0
ООО "ЭЙ СИ НИЛЬСЕН"	7731459890	NielsenIQ	56,0
ЗАО "Алкатель-Лусент"	7806023239	Alcatel–Lucent S.A.	56,0
ДРЕГЕР	7710312462	Dräger	56,0
ООО "Лакталис Истра"	5017044478	Lactalis	56,0
ООО "ТНТ Экспресс Уорлдуайд (СНГ)"	7743003117	FedEx	56,0
ООО "БОШ РЕКСРОТ"	7717123961	Rexroth	56,0
ООО "Зара Хом СНГ"	7717582404	Inditex	56,0
ООО "Кардиомедикс"	7725230029	Kolmer Holding	56,0
БОНЕНКАМП	4725483338	Bohnenkamp AG	56,0
ПРИВОДЫ АУМА	7725158319	AUMA Riester GmbH	55,0
ПРАКСЭА РУС	7709804318	Linde	55,0
ДИРЕКТ СТАР	7702231594	Teleperformance	55,0
САНРАЙЗ ГРУПП	7725408569	Sojitz	55,0
ЭЙСАЙ	7704831981	Eisai	55,0
ООО "АНГАРАНЕФТЬ"	2466083119	Equinor	54,2
ООО "ОДИНЦОВСКАЯ КОНДИТЕРСКАЯ ФАБРИКА"	5032056319	Mars	54,0
ООО "САС ИНСТИТУТ"	7709858137	SAS Institute	54,0
ГЕКСАГОН ГЕОСИСТЕМС РУС	7717626771	Leica Geosystems	54,0
ООО "ФАЙАТ БОМАГ РУС"	5047111121	FAYAT Group	54,0
ИНТЕРПРИНТ САМАРА	6367659751	Toppan	54,0
БУЛГАРИ РАША	7710969160	LVMH	54,0
НОРД ИМПЕРИАЛ	7017103818	Imperial Energy Corporation	54,0
ХАРТИНГ	7804611348	Harting	53,0
ЗАО "Штрабаг"	7707007451	Strabag	53,0
ООО "БРАЗЕР"	7707595034	Brother	53,0
ООО "Шнейдер Электрик ЗЭМ"	5050066052	Schneider Electric	53,0
ЗАО "ХОФФМАНН ПРОФЕССИОНАЛЬНЫЙ ИНСТРУМЕНТ"	7816017139	Hoffmann Group	53,0
ООО "Эм-Си Баухеми"	4706015486	MC-Bauchemie	53,0
ФРОЙДЕНБЕРГ ПОЛИТЕКС	5260138465	Freudenberg Group	53,0
ЭМЭМЭС КОММЬЮНИКЕЙШНЗ	7714328921	Publicis Groupe	53,0
ТРЕЙН ТЕКНОЛОДЖИЗ РУС	7722094498	Trane Technologies	53,0
АСТЕЛЛАС ФАРМА ПРОДАКШЕН	7709948951	Astellas Pharma	52,0
ПАРКЕР ДАЛЬНЕВОСТОЧНЫЙ ДРИЛЛИНГ СЕРВИСИЗ	6501303381	Parker Drilling Company	52,0
АКЦИОНЕРНОЕ ОБЩЕСТВО КАВМИНСТЕКЛО	2630000081	Verallia Deutschland	52,0
СОФТЛАЙН ИНТЕРНЕТ ТРЕЙД	7736542069	Softline International	52,0
ООО "Биг Дачмен"	7704266056	Big Dutchman	51,0
ЮСБ ФАРМА ЛОГИСТИКС	7701885682	UCB Pharma	51,0
ООО "ПРОИЗВОДСТВЕННЫЙ КОМПЛЕКС "КИРОВ ТАЙР"	4345465597	Pirelli	51,0
ООО "МОНДИ АРАМИЛЬ"	6685148334	Mondi Group	51,0
ООО "ВИЛЬД РОССИЯ"	7705202224	Wild Intermare	51,0
ООО "НАВИЕН РУС"	7727810226	NAVIEN	51,0
ООО "ТМХ РУС"	5044087833	Toyota	51,0
АЛЬФА АВТОМАТИВ ТЕХНОЛОЖИЗ	7725618132	IHI Corporation	51,0
ООО "ЭЛАНКО РУС"	7703803068	Elanco	51,0
ООО "БОСТОН СЭЕНТИФИК"	7743329743	Boston Scientific	51,0
ООО "САНИ"	7728642366	Sany Heavy Industries	51,0
ООО "Жемальто"	7701314914	Thales/Gemalto	50,0
ООО "ВЯРТСИЛЯ ВОСТОК"	7841339690	Wartsila	50,0
ООО "Ксилем Рус"	7718849900	Xylem Inc	50,0
ООО "ИННОТЕК"	7705339356	Laboratoire Innotech International	50,0
ООО "КОТАНИ"	7725614988	Kotanyi	50,0
ООО "Райффайзен Агро"	7730161765	AGRAVIS Raiffeisen	50,0
ООО "БРАУН-ФОРМАН РУС"	7709956984	Brown-Forman	50,0
ООО "ЭРРАЙВАЛ РУС"	7814620920	Arrival	50,0
ООО "ЛЮКСОТТИКА РУС"	7743892963	Luxottica	50,0
ДЕНТСПЛАЙ СИРОНА	7702785539	Dentsply Sirona	50,0
АО "БЮРО ВЕРИТАС РУСЬ"	7729055402	Bureau Veritas	49,0
ООО "ИПСОС КОМКОН"	7725714277	Ipsos Group	49,0
ООО "ЛИЗПЛАН РУС"	7705999472	LeasePlan	49,0
ООО "ДИБОЛД НИКСДОРФ"	7707635872	Diebold Nixdorf	49,0
ООО "Данлоп Тайр СНГ"	7728629485	Sumitomo	49,0
ООО "АЛЬСТРОМ-МУНКШО ТВЕРЬ"	6911024261	Ahlstrom-Munksjö	49,0
ООО "РОТО ФРАНК"	7713273035	Roto Frank	49,0
ООО "ТЕКНОС"	7718571300	Teknos	49,0
ООО "СПЕКТА ИНТЕРПАК "	7724193494	Specta	49,0
НГК СПАРК ПЛАГС (ЕВРАЗИЯ)	7729740239	NGK	49,0
ВЕЛЬТОН	7729547732	Wielton	49,0
ХЕНДЭ ВИА РУС	7814763371	Hyundai Wia	49,0
АКЦИОНЕРНОЕ ОБЩЕСТВО КАМЫШИНСКИЙ СТЕКЛОТАРНЫЙ ЗАВОД	3436004418	Verallia Deutschland	48,0
СМС ГРУП	7702721013	SMS Holdings Corporation	48,0
ОТКРЫТОЕ АКЦИОНЕРНОЕ ОБЩЕСТВО СЛАНЦЕВСКИЙ ЦЕМЕНТНЫЙ ЗАВОД ЦЕСЛА	4713000120	HeidelbergCement	48,0
СИМЕНС ИНДАСТРИ СОФТВЕР	7703215813	Siemens	48,0
ООО "БЕНЕТТОН РУССИЯ"	7708506654	Benetton	47,0
ООО "СИБИЛЛА РУС"	4725006920	Atria	47,0
ООО "Роквул-Волга"	1646021825	Rockwool	47,0
ООО "ФУДЖИФИЛЬМ РУС"	7714391842	Fujifilm	47,0
ООО "ТТ РУС"	7726693904	TOM Tailor	47,0
ООО "МЕГОГО"	7703769593	MEGOGO	47,0
ЖИВОДАН РУС	7705832850	Givaudan	47,0
ООО "Моет Хеннесси Рус"	7707706700	LVMH	46,0
ООО "ГЕДЕОН РИХТЕР ФАРМА"	7706460475	Gedeon Richter	46,0
ООО "КУБАНСКИЕ КОНСЕРВЫ"	2337028462	Bonduelle	46,0
ООО "Этипродактс"	7743553181	Eti Maden	46,0
ЛОТТЕ КОНДИТЕРСКАЯ ФАБРИКА РУС	7704644692	Lotte Confectionery	46,0
ООО "ЭС ЭМ СИ ПНЕВМАТИК"	7801104438	SMC	46,0
ООО "РИКО РУС"	7703177188	Ricoh Group	46,0
ООО "СИСТЕМЭЙР"	7714824045	Systemair	46,0
ВЕРВАГ ФАРМА	7726579101	Wörwag Pharma	46,0
ООО "ГЕБЕРИТ РУС"	7702847312	Geberit	46,0
СКАНИЯ-ПИТЕР	7810196428	Scania	46,0
ООО "ПАЛФИНГЕР КРАН РУС"	7810565435	Palfinger	46,0
АО "САНОФИ ВОСТОК"	5751028489	Sanofi	46,0
ООО "ТИКТОК РУС"	9706005663	Tik Tok	46,0
ПУБЛИЧНОЕ АКЦИОНЕРНОЕ ОБЩЕСТВО БИОСИНТЕЗ	5834001025	Sun Pharma	45,0
ИНТЕГРА - БУРЕНИЕ	1834039053	IG Group	45,0
РЕГСТАЭР - М	7709565395	Dufry	45,0
АО ХК ОПОЛЬЕ	3329025741	Pepsi	44,0
ООО "ЛЕО ФАРМАСЬЮТИКАЛ ПРОДАКТС"	7701366091	LEO Pharma	44,0
ООО "ДР.ТАЙСС НАТУРВАРЕН РУС"	7725718602	Dr. Theiss	44,0
ООО "Лантманнен Юнибэйк"	5011023633	Lantmännen Unibake	44,0
ООО "ХР. ХАНСЕН"	7701205538	CHR Hansen	44,0
ООО "ЧИБО СНГ"	7710502329	Tchibo	44,0
ООО "Кей Ти Эн Джи Рус"	4003028481	KT&G	44,0
ООО "Хёрманн Руссия"	7813103710	Hörmann KG	44,0
ООО "РОДЕ и ШВАРЦ РУС"	7710557825	Rohde & Schwarz	44,0
ООО "ВБК"	7703620804	Foraco	44,0
АЛЬЯНСНЕФТЕГАЗ	7017039457	Imperial Energy Corporation	44,0
ГЕСС? СИАЙЭС	7729482411	Guess	44,0
АСПЕН ХЭЛС	7703812312	Aspen Pharmacare	43,0
АО "КОНЕКРЕЙНС ДЕМАГ РУС"	7809007309	Konecranes	43,0
СЭ БОРДНЕТЦЕ	5260343993	Sumitomo Electric Industries	43,0
ООО "Квайссер Фарма"	7725604732	Queisser Pharma	43,0
ООО "Силган Метал Пэкаджинг Энем"	107018096	Silgan Metal Packaging	43,0
ООО "ЛАССЕЛСБЕРГЕР"	274111792	LB Ceramics	43,0
ООО "КОНИКА МИНОЛТА БИЗНЕС СОЛЬЮШНЗ РАША"	7730165720	Konica Minolta	43,0
ПРАКСАЙР АЗОТ ТОЛЬЯТТИ	7709930344	Linde	43,0
ООО "ДЮРАСЕЛЛ РАША"	7743101227	Duracell	43,0
ООО "ЛИНДТ УНД ШПРЮНГЛИ (РАША)"	7743871709	Lindt & Sprüngli	43,0
ДОРОЖНО-ИНВЕСТИЦИОННАЯ КОМПАНИЯ	7703402852	ANAS	43,0
МОНСТЕР ЭНЕРДЖИ РУС	7743816120	Monster Energy	43,0
АГКО ФИНАНС	7710955368	AGCO	43,0
ПАЛЛ ЕВРАЗИЯ	7733059093	Pall Corporation	43,0
ООО "НЕМАК РУС"	7329013119	Nemak	43,0
ДОДО ФРАНЧАЙЗИНГ	1101140415	DP World	43,0
ООО "ХАЙВ ЭКСПО ИНТЕРНЕШНЛ"	7708333955	Hyve Expo International	43,0
ООО "СПФО"	5072723738	Charoen Pokphand Foods	42,0
ТРУМПФ	7722560773	Trumpf	42,0
НЭКСТ	7701385552	Next	42,0
ООО "ПАРКЕР ХАННИФИН"	7710550273	Parker Hannifin	42,0
ООО "ДОКТОР ФАЛЬК ФАРМА"	7708658262	Dr. Falk Pharma	42,0
ООО "ВАНДЕРЛАНДЕ ИНДАСТРИС"	7709877115	Vanderlande Industries	42,0
АО "БИК СНГ"	7707130374	Société Bic	41,6
АКЦИОНЕРНОЕ ОБЩЕСТВО БАЗОВЫЕ МЕТАЛЛЫ	7720587949	Highland Gold	41,0
АРВАТО РУС	7604039395	Bertelsmann	40,0
ООО "ГФК-РУСЬ"	7727042479	GfK	40,0
ООО "ЭВЕР НЕЙРО ФАРМА"	7707637284	EVER Neuro Pharma	40,0
РУССКИЙ ЛЕСНОЙ АЛЬЯНС	1001153530	National Investment and Infrastructure Fund	40,0
САМСОНАЙТ	7706644419	Samsonite International	40,0
ООО "БИ ФИТ"	9718088696	Letique Cosmetics	40,0
ООО "СИНОПЕК ИНТЕРНЕЙШНЛ КОМПАНИ РУС"	7715680371	Sinopec Limited (China Petroleum & Chemical Corporation )	39,0
ООО Итон	7743518606	Eaton	39,0
ИНГКА РУС I	5047137708	Ingka	39,0
АЗОТТЕХ	5911055740	EuroChem	39,0
ООО "ЗИММЕР СНГ"	7704237464	Zimmer Biomet	39,0
ООО "Кнауф Гипс Кунгур"	5917236694	Knauf Gips	39,0
ИНЕОС СТИРОЛЮШН	7706769986	Ineos	39,0
ООО "БУРСЕРВИС"	1106013435	Halliburton	38,9
ЗАКРЫТОЕ АКЦИОНЕРНОЕ ОБЩЕСТВО ДС КОНТРОЛЗ	5321065626	Baker Hughes	38,0
ООО "САП Лабс"	7705987090	SAP	38,0
ООО "Исследовательский Центр Самсунг"	7715894574	Samsung	38,0
КОЛОПЛАСТ	7710699611	Coloplast	38,0
ООО "Джон Дир Файнэншл"	7728772647	John Deere	38,0
КАСИО	7707668973	Casio	38,0
АО "МЕТТЛЕР-ТОЛЕДО ВОСТОК"	7705125499	Mettler Toledo	38,0
АО "ТЕРМО ФИШЕР САЙЕНТИФИК"	7805023194	Thermo Fisher	38,0
АКЦИОНЕРНОЕ ОБЩЕСТВО ДОНСКОЙ АНТРАЦИТ	6144009894	DTEK	38,0
ООО "МАРУБЕНИ РАББЕР РУС"	7703468839	Marubeni	38,0
ВФ СИ-АЙ-ЭС	7704263993	VF Corporation	37,0
ТМ БАЙКАЛ	3820000740	Mitsui & Co.	37,0
ОЛОТ ВОСТОК	5044046668	Haulotte Group	37,0
ГРАЙНЕР ПЭКЭДЖИН	3329026625	Greiner	37,0
ОДЕМАР ПИГЕ (РУС)	7705794933	Audemars Piguet	37,0
БЕВ	7729349650	Savencia Fromage & Dairy	37,0
СТУДИО МОДЕРНА	7723166508	Studio Moderna	36,0
ООО "БОТ Лизинг (Евразия)"	7704638579	Komatsu	36,0
АО "ХЕМПЕЛЬ"	7814066902	Hempel	36,0
ООО "Лоренц Снэк-Уорлд Раша"	7842328726	Lorenz Snack-World	36,0
СМС ЗИМАГ МЕТАЛЛУРГИЧЕСКИЙ СЕРВИС МАГНИТОГОРСК	7445039118	SMS Group	36,0
ФРАНКЕ НЕВА	7825446173	Franke	36,0
ООО "КНОРР-БРЕМЗЕ СИСТЕМЫ ДЛЯ КОММЕРЧЕСКОГО ТРАНСПОРТА"	7706661661	Knorr-Bremse	36,0
АКЦИОНЕРНОЕ ОБЩЕСТВО УПОНОР РУС	7814041810	Uponor	36,0
РОДЕР	5044052189	Röder Zeltsysteme und Service	36,0
ЛАПП РУССИЯ	6317054302	Lapp Gruppe	36,0
ООО "ГАЛДЕРМА"	7705910690	Galderma	36,0
ООО "Д-Р ОЕТКЕР"	7743342857	Dr. Oetker	36,0
ООО Сони Мьюзик Энтертейнмент	7710357054	Sony Music Group	36,0
ООО "ФОРСИ"	7703774970	Four Season hotels	36,0
ООО "Б.Браун Авитум Руссланд Клиникс"	7801510334	B. Braun	35,0
ООО "ТЕРАДАТА"	7705798423	Teradata	35,0
ООО "ПИВИЭЙЧ СТОРС РУС"	7705523330	PVH	35,0
КРЕДИТ ЕВРОПА ЛИЗИНГ	7705677316	Credit Europe Bank	35,0
ФАУБЕХА	7826708030	VBH	35,0
ООО "Армстронг Билдинг Продактс"	1646032249	Armstrong World Industries	35,0
ООО "ДЕКЁНИНК РУС"	7714576900	Deceuninck	35,0
АКЦИОНЕРНОЕ ОБЩЕСТВО КЕМИРА ХИМ	7838467357	Kemira	35,0
ООО "ДАВ - РУССЛАНД"	7736207494	Caparol	35,0
УРАЛХИМПЛАСТ - ХЮТТЕНЕС АЛЬБЕРТУС	6623090557	Hüttenes-Albertus Chemische Werke	35,0
КАЗАНЬ РЕАЛ ЭСТЕЙТ	7703820810	Benetton	35,0
ЮЛИУС МАЙНЛ РУССЛАНД	7709728586	Julius Meinl	35,0
ООО "ХЕЛЛИ ХАНСЕН"	7729747033	Helly Hansen	35,0
ГРАЙНЕР ПЭКЭДЖИН СИСТЕМ	7733546844	Greiner	35,0
ООО "МИЦУИ ЭНД КО. МОСКОУ"	7710555338	Mitsui & Co.	35,0
ШТРАУМАНН	7728274232	Straumann	35,0
ООО "Дотерра Рус"	7714994350	doTERRA	35,0
УНГА	7705869434	Unga Group	35,0
МАН ТРАК ЭНД БАС ПРОДАКШН РУС	7820325601	Volkswagen	34,0
КСБ	7714605974	KSB	34,0
ДХЛ ЛОГИСТИКА	7705165639	Deutsche Post	34,0
АДАМА РУС	2310120439	ADAMA	34,0
АНДЖЕЛИНИ ФАРМА РУС	7707848616	Angelini	34,0
МИТАС	7723770822	Trelleborg Group	34,0
ИВОКЛАР ВИВАДЕНТ	7725768836	Ivoclar Vivadent	34,0
КАЗ МИНЕРАЛЗ	9705132500	KAZ Minerals	34,0
АЦИНО РУС	7707747030	Acino International AG	34,0
ООО "ДОЙГРО ПРОЕКТЫ"	7704850342	deugro	33,3
АО "НСН"	7704164791	Nokia	33,0
ООО "И Д ЭНД Ф МЭН"	7704244101	ED&F Man	33,0
ООО "ДАХУА ТЕКНОЛОДЖИ РУС"	7718283069	Dahua Technology	33,0
КНОРР-БРЕМЗЕ 1520	6949010275	Knorr-Bremse	33,0
ООО "БЕЛЛА Сибирь"	5448451118	TZMO	33,0
ООО "ЛА РЕДУТ РУС"	7710616929	La Redoute	33,0
ХАНСГРОЭ	7704661151	Hansgrohe	33,0
ООО "СЕРВЬЕ РУС"	5036050808	Laboratoire Servier	33,0
АКЦИОНЕРНОЕ ОБЩЕСТВО МАПЕИ	5040059680	Mapei	33,0
ООО "ВИНЕРБЕРГЕР КИРПИЧ"	5072000915	Wienerberger	33,0
ООО "Нинтендо РУ"	7705998817	Nintendo	33,0
САНТЭН	7709987340	Santen Pharmaceutical	33,0
АНСЕЛЛ РУС	7703750930	Ansell	32,0
ООО "белла-Дон"	6161037556	TZMO	32,0
ООО "АМДС ВОСТОК"	7706720564	ArcelorMittal	32,0
ШТИЛЛ ФОРКЛИФТТРАКС	7730524271	KION Group	32,0
РАЙК ЦВААН РУСЬ	5027080281	Rijk Zwaan	32,0
СВИСС КРОНО ЛЕСПРОМ	4407008667	Swiss Krono Group	32,0
ООО "БИОНОРИКА"	7729590470	Bionorica	32,0
ООО "КИНГСПАН"	4705033556	Kingspan	32,0
АФГ РУС	7701792780	Arbonia	32,0
СЕТЕС КОСМЕТИКС	5024055294	Oriflame Cosmetics	31,0
ООО "ТАПЕРВЭР"	7705158945	Tupperware	31,0
ООО "ДАКСЕР"	7714724770	DACHSER	31,0
АКВАТОН РУС	7718202239	Roca	31,0
ООО "ЯМАЗАКИ МАЗАК"	7726556880	MAZAK	31,0
ООО "АНДРИТЦ"	7826085064	ANDRITZ Inc.	31,0
МАШУМА-РУС	2543107198	China Investment Corporation	31,0
Т-СИСТЕМС РУС	7801680960	T-Systems	31,0
КВЕРНЕЛАНД ГРУП СНГ	7735512618	Kverneland Group	30,0
АКЦИОНЕРНОЕ ОБЩЕСТВО ЛОГИКА	7735000722	Air Liquide	30,0
ООО "БЕЛЛА Волга"	5260193515	TZMO	29,0
ОСРАМ	7725302820	Osram Licht AG	29,0
ООО "ХАРИБО КОНФЕТЫ"	7709403651	HARIBO	29,0
АО "ДЖОНСОН КОНТРОЛС"	7714041358	Johnson Controls	29,0
ООО "ИКЕА ИНДАСТРИ ВЯТКА"	4307018005	IKEA	29,0
ООО "БИОКОДЕКС"	7725682995	Biocodex	29,0
ФЕДЕРАЛ-МОГУЛ ВИСИЭС	7743885860	Federal-Mogul	28,8
АКЦИОНЕРНОЕ ОБЩЕСТВО ЗУЛЬЦЕР НАСОСЫ	7809009105	Sulzer	28,4
РХИ ВОСТОК СЕРВИС	7725672041	RHI Magnesita	28,2
ОМРОН ЭЛЕКТРОНИКС	7710638802	Omron	28,2
ООО "МАНИТОВОК КРЭЙН ГРУП СНГ"	7720265853	Manitowoc	28,0
ОАО "МОЛКОМБИНАТ КУНГУРСКИЙ"	5940300429	Pepsi	28,0
ООО "КЕМИН ИНДАСТРИЗ (ЛИПЕЦК)"	4802000997	Kemin	28,0
ООО "БРУНЕЛ РУС"	7709467574	Brunel International	28,0
ООО "ГРИД ДИНАМИКС"	7813540887	Grid Dynamics	28,0
АКЦИОНЕРНОЕ ОБЩЕСТВО ИНТЕРТЕК РУС	7720250335	Intertek	27,9
ШУМАХЕР	4240007511	Hochtief	27,9
СИЭНЭЙЧ ИНДАСТРИАЛ ФАЙНЕНШИАЛ СЕРВИСЕЗ РУССИЯ	7709411187	CNH Industrial	27,9
ООО "ИНТРАКОМ СВЯЗЬ"	7703350629	Intracom Telecom	27,8
ДОРМАКАБА ЕВРАЗИЯ	7703525710	Dormakaba	27,7
ДЕСТЕК	5036059960	RÖHM GmbH	27,6
ЮНИВЕРСАЛ МЬЮЗИК	7730554847	Universal Music Group	27,6
ЧЕЙЛ РУС	7703352200	Cheil Worldwide	27,5
КОМПАСС ГРУПП РУС	7705293503	Compass Group	27,4
ИНТЕРМОДЕ	7709900734	Eren Holding	27,4
КРОНЕС	7703175060	Krones	27,3
СМЕГ РУССИЯ	7708626292	Smeg	27,2
ВНИИБТ-БУРОВОЙ ИНСТРУМЕНТ	5947013871	IG Group	27,1
ЗУЛЬЦЕР ТУРБО СЕРВИСЕС РУС	7704781586	Sulzer	27,1
БОШ ОТОПИТЕЛЬНЫЕ СИСТЕМЫ	6449069270	Robert Bosch	26,8
ОБЩЕСТВО С ОГРАНИЧЕННОЙ ОТВЕТСТВЕННОСТЬЮ ФРАНКЕ РУССИЯ	7805377926	Franke	26,7
ММ ПОЛИГРАФОФОРМЛЕНИЕ РОТОГРАВЮР	4720014678	Mayr-Melnhof	26,6
МАРШРУТ	7724566185	Studio Moderna	26,5
ДАНИЕЛИ ВОЛГА	5249116595	Danieli Group	26,4
КОНТИТЕК РУС	7705321180	Continental	26,2
ООО "Каргобулл Финанс"	7710704220	Cargobull Finance Holding	26,0
ООО "ФВФУ РУС"	7702656396	Volkswagen	26,0
ООО "ВТГ"	7704708071	VTG	26,0
Лебедянский	4811023542	Pepsi	26,0
АО "Шишеджам Аутоматив Рус"	1646027182	Sisecam	26,0
ООО "ЭЙ-ЭЙЧ-АЙ-КЕРРИЕР"	7705865711	Carrier	26,0
ООО "АЛЛНЕКС БЕЛГОРОД"	3120099967	Allnex LLC	26,0
ООО "ДЖ.Т.И. ИННОВАЦИОННЫЕ ПРОДУКТЫ"	7801431234	Japan Tobacco International	26,0
ООО "ХЕЕЛЬ РУС"	7714415356	Heel	26,0
ФМСИ ЕВРАЗИЯ	7706669438	FMC Technologies	25,9
ФЕДЕРАЛ-МОГУЛ НАБЕРЕЖНЫЕ ЧЕЛНЫ	1650168242	Federal-Mogul	25,6
ФЕНДИ РУ	7710969970	Fendi	25,1
ООО "ПРОКТЕР ЭНД ГЭМБЛ"	7701032910	Procter & Gamble	25,0
ООО "Сиско Системс"	7705751094	Cisco Systems Inc	25,0
ООО "ОБО БЕТТЕРМАНН"	7722296960	OBO Bettermann	25,0
ООО "КАРГОТЕК РУС"	7839339164	Cargotec	25,0
АО "ФИСКАРС БРАНДС РУС"	4716002246	Fiskars	25,0
ООО "ПЛАНТИК"	4705095880	Fiskars	
ООО "ФЛОУСЕРВ"	7743589251	Flowserve	25,0
ООО "ВЕЛЛА РУС"	7743344565	Wella	25,0
ФЭШН РИТЕЙЛ ГРУП	7725778986	Tendam	24,9
НИППОН ЭКСПРЕСС (РУС)	7805398429	Nippon Express	24,9
САНТИ	7702371288	Tata Consumer Products	24,7
БВТ	7716616731	BWT	24,7
МЕРК ЛАЙФ САЙНС	7701620453	Merck	24,7
ТАЙКО ЭЛЕКТРОНИКС РУС	7612037828	TE Connectivity	24,3
ФЕДЕРАЛ-МОГУЛ ПАУЭРТРЕЙН ВОСТОК	7743590440	Federal-Mogul	24,2
КХС РУС	7706502693	KHS GmbH	24,2
СПИН МАСТЕР РУС	7704455590	Spin Master	24,1
СЭВС РУС	7729657968	Sumitomo Electric Industries	24,1
АВЕВА	7704631911	Aveva	24,1
ООО ДСВ СОЛЮШНС	5017050270	DSV A/S	24,0
ВАЛЬТЕР	7842377160	Walter Tools	24,0
ООО "ШОТТ ФП"	5246032499	SCHOTT	24,0
ООО "ФИШЕР"	7716588925	Fischer Sports	24,0
ООО "МАРЕЛ ФУД СИСТЕМС"	7728543830	Marel	24,0
ООО "ТАВ"	6321124168	Tenneco	24,0
АЛКАЛОИД-РУС	7721631037	ALKALOID AD SKOPJE	24,0
ООО "Фанук"	7710449756	Fanuc	24,0
ООО "СЕВА ЛОДЖИСТИКС РУСЬ"	7805648051	CEVA Logistics	24,0
УРАЛ-РЕМСТРОЙСЕРВИС	5911039724	EuroChem	23,8
УОРЛИ	6501163092	WorleyParsons Limited	23,8
ХАРМАН	5262068365	Harman Connected Services	23,7
ВОЛЬГАФИЛЬМ	7717765292	VLG.FILM	23,6
ИНТЕГРИТИ СОЛЮШНС	7713475641	Luxoft	23,6
АПЛЕОНА РУС	7706285417	Apleona	23,5
ЗУЛЬЦЕР ХЕМТЕХ	5043032704	Sulzer	23,5
ГУНВОР ИНФРАСТРУКТУРА	9703016353	Gunvor Group	23,5
ФУРЛА РУС	5027172101	Furla	23,4
ПИЦЦА ВЕНЧУР	1101084785	DP World	23,4
АКЦИОНЕРНОЕ ОБЩЕСТВО ЛАДЭНСО	1005060090	Stora Enso	23,2
ШНЕЙДЕР ЭЛЕКТРИК СИСТЕМС	7707631042	Invensys	23,2
ХЕРАЕУС ЭЛЕКТРО-НАЙТ ЧЕЛЯБИНСК	7450032855	Heraeus	23,2
ТИМЕКС ПРО	5074039837	Smart	23,1
СПЕРАСОФТ СТУДИЯ	7801498077	Keywords Studios	22,9
ДИНАПАК	5047198718	Dynapac	22,9
ХЕЛЛА	7723838171	Hella	22,8
ШАРП ЭЛЕКТРОНИКС РАША	7706645860	Sharp	22,6
ФОРБО ФЛОРИНГ	7701759825	Forbo Holding AG	22,6
ХИТАЧИ ЗОСЕН ИНОВА РУС	9710069275	Hitachi Zosen Corporation	22,6
ШТИЛЬ ЗЮДВЕСТ	2311169331	Stihl	22,5
АМДОКС СОЛЮШНЗ ЛТД	7710393180	Amdocs	22,3
БОГНЕР ИСТЕРН ЮРОП	7705534798	Willy Bogner	22,3
ПУТЦМАЙСТЕР-РУС	7708538166	Putzmeister	22,2
ФАБРИКА АХМАД ТИ	7706273309	Ahmad Tea	22,2
ДУФРИ ИСТ	7718104753	Dufry	22,2
АНСАЛЬДО ЭНЕРДЖИА РАША	7710954396	Ansaldo Energia	22,1
МОМЕНТИВ ПЕРФОМАНС МАТЕРИАЛС РУС	7743663353	Momentive	22,1
ЛЮМИЛЕДС ЕВРАЗИЯ	7703820313	Lumileds	22,1
ООО "ЦЕНТИС РУССЛАНД"	5040054227	Zentis	22,0
ООО "ФИЛИППО БЕРИО РУ"	7704370900	FILIPPO BERIO	22,0
ООО "БУАРОН"	7725548693	Boiron	22,0
ООО "ЛЕНОВО (ВОСТОЧНАЯ ЕВРОПА/АЗИЯ)"	7703549291	Lenovo	22,0
ООО Финндисп	5040057475	Dow Chemical	22,0
ООО "ДЕ АГОСТИНИ"	7743575516	DeAgostini	22,0
СИСТЕМ СЕНСОР ТЕХНОЛОГИИ	4802001260	Honeywell	21,9
А25	7722467100	Asus	21,9
КРЕПС	7804165929	Sika	21,8
АВТОМОБИЛЬНАЯ БАЗА ДАННЫХ	9710013723	Digital Agency	21,8
АКЦИОНЕРНОЕ ОБЩЕСТВО МАРШ - СТРАХОВЫЕ БРОКЕРЫ	7714106679	Marsh McLennan	21,7
А ЭНД М ЭЛЕКТРОИНСТРУМЕНТЫ	7714574941	Techtronic Industries	21,7
СКОМИ ОЙЛТУЛЗ (РУС)	7707657629	Scomi	21,6
ДХЛ ЭКСПРЕСС	7713727881	Deutsche Post	21,6
АКЦИОНЕРНОЕ ОБЩЕСТВО ЭФЭМСИ ВОЛГА	2124013912	FMC Technologies	21,5
ПЕЦ-ХААС	7710184235	Ed. Haas International	21,4
ВСЕГДА ДА	9709015765	Home Credit	21,4
КРОДА РУС	9717065142	Croda International	21,3
ДЖИИ СТИМ ПАУЭР ЛТД.	7811054754	GE Renewable Energy	21,3
ДОКА РУС	7710605684	Doka GmbH	21,2
ООО "ЧАЙНА ЮНИКОМ (РУС) ОПЕРЭЙШНЗ"	7703421781	China United Network Communications	21,0
ООО "АЙКЬЮВИА СОЛЮШНС"	7724662555	IQVIA	21,0
ВАККЕР НОЙСОН	7719540671	Wacker Neuson	21,0
ООО "КИНРОСС МАЙНИНГ СЕРВИСИЗ"	4909909270	Kinross Gold	21,0
ООО "СОКОТЕЛЬ"	7841338200	Sokotel	21,0
ООО "ЛИДЕА РУС"	2308208573	Lidea	21,0
АКЦИОНЕРНОЕ ОБЩЕСТВО ЧЕЛЯБЭНЕРГОРЕМОНТ	7447063370	Fortum	20,9
ООО "А. ЭСПЕРСЕН"	7841485162	Espersen	20,8
АКЦИОНЕРНОЕ ОБЩЕСТВО ЭБЕРСПЕХЕР КЛИМАТИЧЕСКИЕ СИСТЕМЫ РУС	7702511168	Eberspächer Gruppe	20,7
САМСОН КОНТРОЛС	7709262190	Samson AG	20,6
ТРОСИФОЛЬ	5246022613	Kuraray	20,5
КНАУФ ПЕНОПЛАСТ	7817034384	Knauf Gips	20,3
ФРОЙДЕНБЕРГ ХАУСХОЛД ПРОДАКТС ИСТЕРН ЮРОП	7802341696	Freudenberg Group	20,2
ФИШЕР КЛИНИКАЛ СЕРВИСИЗ	5047112693	Fisher Scientific	20,2
ЭЛИКОР	4027122300	Franke	20,1
ХИРОУ РУС	7731590968	Hero Group	20,0
ФРЕЗЕНИУС МЕДИКЛ КЕА ХОЛДИНГ	7736522030	Fresenius Medical Care	20,0
КЛЮБЕР ЛУБРИКЕЙШН	7715607501	Freudenberg Group	19,8
ВЕСТЕЛ-СНГ	3301015292	Vestel	19,8
МДМ-ПЕЧАТЬ	7813096904	Ribena	19,7
КНАУФ ГИПС ДЗЕРЖИНСК	5249071792	Knauf Gips	19,7
МЕРСЕДЕС-БЕНЦ КАПИТАЛ РУС	7714951614	Mercedes-Benz Mobility	19,7
САНГФЕЙ СЕС ЭЛЕКТРОНИКС РУС	7704672523	TPV Technology	19,7
САБЕР ИНТЕРАКТИВ СГС	7802705343	Embracer Group	19,6
СИРОНА ДЕНТАЛЬ СИСТЕМС	7725710360	Dentsply Sirona	19,4
УОЛЛ РУС	7717666132	Wahl Clipper	19,4
САРТОРИУС РУС	7813160042	Sartorius AG	19,2
АКЦИОНЕРНОЕ ОБЩЕСТВО ПРОИЗВОДСТВЕННОЕ ОБЪЕДИНЕНИЕ СПЕЦТЕХНИКА ПОЖАРОТУШЕНИЯ	7725646490	Rosenbauer	19,2
СИНОПСИС	7816506644	Synopsys	19,2
НИКОН	7725630997	Nikon	19,1
АЛИАКСИС ИНФРАСТРУКТУРА И ПРОМЫШЛЕННОСТЬ	7736507265	Aliaxis Deutschland	19,1
ООО "НИЛЬСЕН ДЭЙТА ФЭКТОРИ"	7733346267	NielsenIQ	19,0
АО "ВИКА МЕРА"	7729346754	WIKA	19,0
ООО "ЦЕПТЕР ИНТЕРНАЦИОНАЛЬ"	7734050600	Zepter	19,0
ООО "ВБД ПП"	7709446302	Pepsi	19,0
ООО "ВОЛЬВО ФИНАНС ВОСТОК"	4027130660	Volvo Cars	19,0
ООО "ПЕТРОПРОДУКТ-ОТРАДНОЕ"	4706021916	Kraft Heinz	19,0
ООО "ГРУППА АНТОЛИН САНКТ-ПЕТЕРБУРГ"	7816417497	Grupo Antolín	19,0
ООО "ТИНД"	7727130140	Trelleborg Group	19,0
ООО "РУСНАВГЕОСЕТЬ"	7701887256	Trimble	19,0
ППГ ИНДАСТРИЗ ЛИПЕЦК	4802024540	PPG	18,7
ПАРЕКСЕЛЬ ИНТЕРНЭШНЛ (РУС)	7731526360	PAREXEL	18,7
АВТО ПАРТНЕРС	7705746577	Credit Europe Bank	18,6
ПЕЙККО	7841340350	Peikko Group	18,5
ТОПЛИВНАЯ КОМПАНИЯ ФЕСКО	2540229871	Fesco Transport Group	18,4
НЕКСТЕРС СТУДИО	7709462505	Nexters	18,4
НАУЧНО-ТЕХНИЧЕСКИЙ ЦЕНТР КОМПЛЕКСНЫХ ПРОБЛЕМ МЕХАНОТРОНИКИ	7808022632	Schneider Electric	18,3
АКЦИОНЕРНОЕ ОБЩЕСТВО ЛИНДЕ УРАЛТЕХГАЗ	6659010266	Linde	18,3
РУССКИЙ ОРЕЛ	5027128078	Beretta Holding	18,2
DENIZBANK MOSCOW	7705205000	DenizBank	18,1
ООО "ЭЙР ПРОДАКТС"	7702509257	Air Products	18,1
ООО "БЕЛЛ Экуипмент Руссланд"	7726665270	Bell Equipment	18,1
ООО "Техгеосервис"	6316105160	Schlumberger	18,0
ООО "ЛЕКСМАРК ИНТЕРНЭШНЛ РУС"	7705935736	Lexmark	18,0
ООО "АВАЙЯ СНГ"	7705681400	Avaya	18,0
ООО "БПР"	5222070456	Boryszew	18,0
ООО "КОРНИНГ СНГ"	7705298420	Corning	18,0
ООО "КРЕВЕЛЬ МОЙЗЕЛЬБАХ"	7710751903	Krewel Meuselbach	18,0
ООО "ТИМКЕН ОВК"	4715029693	Timken	18,0
ООО "ПРАМЕТ"	7719654774	Dormer Pramet s.r.o.	18,0
ООО "ДАССО СИСТЕМ"	7743842200	Dassault Systèmes	18,0
ЛЛМЗ-КАМАХ	7723134104	ITT Inc.	18,0
ТРАФИК ИЗОБАР	7804452480	Dentsu International	18,0
ООО "МАЙЛЛЕР ВОСТОК"	7716669959	Meiller	18,0
ООО "РАЦИОНАЛЬ РУС"	7730586373	Rational	18,0
ООО "МАРКЕМ-ИМАЖ"	7713548988	Dover Corporation	18,0
КЛАБ МЕД РАША	7705549346	Club Med	18,0
МИКРО ФОКУС	7743181328	Micro Focus	17,9
НОВО НОРДИСК ПРОДАКШН САППОРТ	4028001562	Novo Nordisk	17,8
АКЦИОНЕРНОЕ ОБЩЕСТВО ТНС МАРКЕТИНГОВЫЙ ИНФОРМАЦИОННЫЙ ЦЕНТР	7709027118	Kantar TNS	17,8
КЕЙП ИНДАСТРИАЛ СЕРВИСИЗ (САХАЛИН)	6501152710	Cape plc	17,8
ФОРЕСИЯ ИНТЕРИОР ЛУГА	5256057848	Faurecia	17,6
ФЕДЕРАЛ-МОГУЛ ДИМИТРОВГРАД	7329015613	Federal-Mogul	17,5
ДЖОН КРЕЙН-ИСКРА	5907022710	John Crane Group	17,3
АКСИС КОММУНИКЕЙШНС	7704659681	Axis Communications	17,2
ИНТЕЛ ТЕКНОЛОДЖИС	7731422018	Intel	17,2
ЮНИЧАРМ МЕЛЬНЛИКЕ РУС	7107512332	Unicharm	17,2
АКЦИОНЕРНОЕ ОБЩЕСТВО ТЕЛИА КЭРРИЕР РАША	7808007715	Telia Company	17,1
АКСАЛТА КОАТИНГ СИСТЕМС РУС	7731429101	Axalta	17,1
ФЕСТАЛЬПИНЕ БЁЛЕР ВЕЛДИНГ РАША	7707651017	Voestalpine	17,1
БОНЕНКАМП ОЕМ	7704750475	Bohnenkamp AG	17,1
ООО "ИМ ИНЖИНИРИНГ СЕРВИСЕЗ"	7715855656	Ingram Micro	17,0
ТЯНЬШИ	7702745423	Tiens Group	17,0
ООО "КЬЕЗИ ФАРМАСЬЮТИКАЛС"	7707567622	Chiesi Pharmaceuticals	17,0
ООО "ВИЭМВАРЕ РУС"	7714437222	VMWare	17,0
ООО "ИМСД РУС"	7816365432	IMCD	17,0
ООО "СВАРОВСКИ"	7705440268	Swarovski	17,0
СИНЕРДЖИ БИЗНЕС СОЛЮШЕНЗ	7709957177	Hays plc	17,0
ООО "БИСТЕРФЕЛЬД РУС"	7718643346	Biesterfeld	17,0
ООО "ВИТОЛ СИАЙЭС"	9710045010	Vitol Group	17,0
ЭЛАЙН ТЕХНОЛОДЖИ	7726429392	Align Technology	17,0
ЮЖГАЗЭНЕРДЖИ	105046700	JKX Oil & Gas	16,8
КИНТЕТЦУ УОРЛД ЭКСПРЕСС (РУС), ИНК.	7743540746	Kintetsu World Express	16,8
КОНСАЛТИНГ ГРУПП	8602263604	Leroy Merlin	16,8
СИЛГАН МЕТАЛ ПЭКАДЖИНГ СТУПИНО	5045049397	Silgan Holdings	16,7
ЮНИОН КЭМИКАЛ СОЛЮШЕНС	278908451	Univar Solutions	16,6
БНП ПАРИБА ТЕХНОЛОДЖИ	9710081240	BNP Paribas	16,5
ЦИЛЬ-АБЕГГ	5018081560	Ziehl-Abegg	16,3
ИНТЕРРЕЙЛ СЕРВИС	7708094591	InterRail Holding	16,1
ММС ХАРДМЕТАЛ ООО	7701272125	Mitsubishi materials corporation	15,8
ЭНЗА СЕМЕНА	7705530070	Enza Zaden	15,8
КНАУФ АКВАПАНЕЛЬ	7116508029	Knauf USG Systems	15,8
КЮНЕ + НАГЕЛЬ САХАЛИН	6501141490	Kuehne + Nagel AG	15,7
БИОМИН	7725620237	Biomin	15,6
ВИСТЕОН ЭЛЕКТРОНИКС РУС	3329061877	Visteon	15,6
ЭР ЛИКИД КУЗБАСС	4253042369	Air Liquide	15,6
АМАДА	7708503798	Amada	15,4
ФАУБЕХА-СИБ	5509004430	VBH	15,4
КОНСТАНЦИЯ САНКТ-ПЕТЕРБУРГ	7825366249	Constantia Flexibles	15,3
ПИОНЕР РУС	7710627110	Pioneer	15,1
АКЦИОНЕРНОЕ ОБЩЕСТВО ТЕКНИП ЭНЕРДЖИС РУС	7810913731	Technip Energies	15,1
СВИСС СТИЛ	7709793240	Swiss Steel Holding	15,1
ООО "КЕННАМЕТАЛ"	7729573002	Kennametal Inc.	15,0
ООО "ВИВОРК РУС"	7719472051	WeWork	15,0
ООО "ФОРАЙЗ"	7718773659	Tietoevry	15,0
ООО "ДЖ.Т.И. ЕЛЕЦ"	4821023005	Japan Tobacco International	15,0
ООО "ЭТАМ РУС"	7703418718	Etam	15,0
ЭЛ ВЕ ЭМ АШ УОТЧ ЭНД ДЖУЭЛРИ РУС	7702753311	LVMH	15,0
ООО "ДЮРР СИСТЕМС РУС"	7702648557	Durr Systems	15,0
ЗАКРЫТОЕ АКЦИОНЕРНОЕ ОБЩЕСТВО КАРБО-ЦАКК	4212014972	Orica	14,9
АСК КЕМИКАЛС СНГ	7811478552	ASK Chemicals	14,8
ИРЕКС	5027069200	Ireks	14,7
ДСИ ТЕХНО	4205265291	DSI Underground	14,7
ЮОП	7707685351	UOP LLC	14,6
СУМИТОМО КОРПОРЭЙШН ЦЕНТРАЛЬНАЯ ЕВРАЗИЯ	7704745980	Sumitomo	14,6
ТЕЗА ТЭП	7702535881	Tesa	14,6
ЭЛЕКТРОСКАНДИЯ РУС	7806427584	Rexel	14,5
ФЛОТТВЕГ МОСКАУ	7734650277	Flottweg	14,5
ЭНИ-НЕФТО	7710039439	Eni	14,4
НЕКОММЕРЧЕСКОЕ ОБЩЕОБРАЗОВАТЕЛЬНОЕ ЧАСТНОЕ УЧРЕЖДЕНИЕ МЕЖДУНАРОДНАЯ ШКОЛА	7731281705	Nord Anglia Education	14,3
АКЦИОНЕРНОЕ ОБЩЕСТВО ИНТЕЗА ЛИЗИНГ	7724139916	Intesa Leasing	14,2
КЕМППИ	7715601563	Kemppi	14,2
ООО "ФАМУР"	4212019586	Famur	14,0
ООО "КОНТИ АУРУС"	1652005162	Continental	14,0
ООО "БЕРБЕРРИ РИТЕЙЛ"	7714913859	Burberry	14,0
НМС	7743676264	NMC	14,0
ООО "ОЛИВЕР ВАЙМАН"	7709802744	Oliver Wyman	14,0
ООО "ФОНДИТАЛЬ"	4802013114	Fondital	14,0
ООО "СДЕЛАЙ СВОИМИ РУКАМИ - КАЗАНЬ"	1655098493	OBI Group	14,0
ООО "СПОТИФАЙ"	7710955287	Spotify	14,0
ООО "ПЁТТИНГЕР"	7705919808	Pottinger	14,0
НАТУРЕКС	7727610065	Givaudan	13,8
ЛИНЗЫ ХОЙЯ РУС	7729473294	Hoya Corporation	13,8
ЛОТТЕ ОТЕЛЬ САНКТ-ПЕТЕРБУРГ	7826027418	Lotte Hotels & Resorts	13,8
ТИССЕНКРУПП ИНДАСТРИАЛ СОЛЮШНС (РУС)	5249100740	ThyssenKrupp	13,7
ГЕМАТЕК	7714317800	B. Braun	13,7
ДАУ АГРОСАЕНСЕС	7729636559	Corteva	13,7
РЕНОЛИТ-РУС	7731588849	Renolit	13,6
МАГНА СИТИНГ РУС	6321207209	Magna	13,6
ФРЕЗЕНИУС МЕДИКАЛ КЕА КУБАНЬ	2310065315	Fresenius Medical Care	13,5
БЕК ЭНД ПОЛЛИТЦЕР СПБ	7841314664	Beck & Pollitzer Engineering	13,5
МУСТАНГ РУС	7703702542	Mustang	13,5
ОПТИМУМ ТРЕЙДИНГ	7727836954	Toyota Tsusho	13,5
МЕТРО ВЭРХАУС НОГИНСК	7743644030	Metro AG	13,3
АКСАЛТА-РУССКИЕ КРАСКИ	7604086187	Axalta	13,3
МЮЛЬХАН МОРФЛОТ	7804073435	Muehlhan	13,3
ЗАКРЫТОЕ АКЦИОНЕРНОЕ ОБЩЕСТВО КНАУФ ГИПС БАСКУНЧАК	3001000520	Knauf Gips	13,2
АКЦИОНЕРНОЕ ОБЩЕСТВО СПЕКТРУМ БРЭНДС	7704607972	Spectrum Brands	13,2
КОНСТАНЦИЯ ТТ	7721638441	Constantia Flexibles	13,2
ФАНТОМ	3017043600	PPF	13,2
МЕТРОПОЛЬ ЭССЕТ МЕНЕДЖМЕНТ	2304077496	Azimut Holding	13,2
СМТ ШАРФ	7729594228	SMT Scharf	13,1
ИРИДИУМ КОММЬЮНИКЕШЕНС	7715733344	Iridium Communications	13,1
ООО "ПРИСМИАН РУС"	7610052059	PRYSMIAN	13,0
ООО "УК "РАЙФФАЙЗЕН КАПИТАЛ"	7702358512	Raiffeisen	13,0
ООО "РЕВОЛЮТ ТЕХНОЛОДЖИС РАША"	7703408188	Revolut	13,0
ООО "МЕТРО Кэш энд Керри Импорт"	7714675749	Metro AG	13,0
ООО Эксплуатационные Материалы Русь	7731332357	Dow Chemical	13,0
ООО "ВИНЕРБЕРГЕР КУРКАЧИ"	1616021049	Wienerberger	13,0
ЗАО "ШЕРВИН-ВИЛЬЯМС"	7710508708	Sherwin-Williams	13,0
ООО "КЛЕМАН ЛИФТС РУС"	7720768021	Kleemann	13,0
ООО "ЛА ЛОРРЕН РУС"	7709465560	La Lorraine	13,0
МОРГАН ТЕРМАЛ КЕРАМИКС СУХОЙ ЛОГ	6633010776	Morgan Advanced Materials	12,9
ГАРТНЕР РУС	7715507401	Gartner	12,9
ЭЛТЭК	7825449865	Eltek	12,8
ДОЙТЦ ВОСТОК	7704815845	Deutz	12,8
АКЦИОНЕРНОЕ ОБЩЕСТВО ЭЛЕКТРАСТРОЙ ХЭВИ ИНДАСТРИС	7603039924	Rönesans Holding	12,7
СЧМ ГРУП РУС	7709514104	SCM Holdings	12,7
МИТУТОЙО РУС	7723820978	Mitutoyo	12,7
ТВИНС ГРУПП	7714916850	Azimut Holding	12,7
САРШТЕДТ	6037008575	Sarstedt AG & Co. KG	12,7
АКЦИОНЕРНОЕ ОБЩЕСТВО НЕВА ЭНЕРГИЯ	7802312374	Veolia	12,6
ЗАКРЫТОЕ АКЦИОНЕРНОЕ ОБЩЕСТВО ВЕЛЮКС	7701022990	VELUX	12,6
КУКА РОБОТИКС	7733630870	Kuka	12,5
ФЛЮК СИАЙЭС	7714829526	Fluke Corporation	12,3
СМИТКЛЯЙН БИЧЕМ - БИОМЕД	7705147238	GlaxoSmithKline	12,2
ЦЕНТР ДИАЛИЗА	7705211772	Fresenius Medical Care	12,1
МИВЕ	7725237546	MIWE	12,1
ВАБКО ВОСТОК	7415076458	WABCO Holdings	12,1
ФУДЖИТСУ ТЕХНОЛОДЖИ СОЛЮШНЗ	7703372157	Fujitsu	12,0
ООО "ГЕСТАМП ТОЛЬЯТТИ"	6382061691	Gestamp	12,0
ООО "МАЭРСК"	7839505397	Maersk	12,0
ООО "ТУНГАЛОЙ РУС"	3123198797	Tungaloy	12,0
ОАО "АДВ"	7725684505	Renault	12,0
ООО "БИТЦЕР СНГ"	7816166405	Bitzer SE	12,0
ООО "АЙ ТИ ВИ ГРУПП"	7717502208	ITV	12,0
ООО "АПС ЭНЕРГИЯ РУС"	6671259771	APS Energia	12,0
ГИДРОСКАНД	4707039120	Hydroscand	12,0
ООО "ПАУЛЬ ВЮРТ МЕТАЛЛСЕРВИС"	7453304962	Paul Wurth	12,0
ВЭЙРЭЙ	7718936720	WayRay	12,0
ООО "КОРЛОЙ РУС"	7736326090	Korloy Inc.	12,0
АРТСАНА РУС	7743565846	Artsana	11,9
ГИЛЕАД САЙЕНСИЗ РАША	7710921993	Gilead Sciences	11,9
ДЕ-КАСТРИ ТАГС	2508074486	GC Rieber	11,8
ФОСС ЭЛЕКТРИК	7708123027	Foss A/S	11,8
ЕСИ ТЕЛЕКОМ 2005	7705669675	Ribbon Communications	11,8
СИНЕОС ХЕЛС РУС	7704678116	Syneos Health	11,7
РПС БРАМЛАГЕ ЕКАТЕРИНБУРГ	6672144854	RPC Group	11,6
РУСТЕКНИП	7734361733	Technip Energies	11,6
СОНОВА РУС	7705765795	Sonova	11,6
СУРТЕКО	7710754862	Surteco	11,5
БЭБИЛИС ВОСТОК	5009061751	Conair Corporation	11,5
АКЦИОНЕРНОЕ ОБЩЕСТВО НЭК НЕВА КОММУНИКАЦИОННЫЕ СИСТЕМЫ	7806049685	NEC	11,4
МОРГАН СТЭНЛИ	9701147270	Morgan Stanley	11,4
ЭР ЛИКИД КСТОВО	5250044835	Air Liquide	11,4
СФТ ГРУПП	7704334669	Prinzhorn Group	11,4
ДЕСНА ГЛОБАЛ	7842356931	Rönesans Holding	11,1
ООО "ЗУЛЬЦЕР ПАМПС РУС"	7704757248	Sulzer	11,0
АО "ПНГГ"	2983001700	Schlumberger	11,0
ООО "НЭШЭНЛ ОИЛВЭЛЛ ВАРКО ЕВРАЗИЯ"	7705885997	National Oilwell Varco	11,0
ЕФН ЭКО СЕРВИС	7736552814	EVN AG	11,0
ООО "РАЙСИО НЬЮТРИШЕН"	7707303771	Raisio	11,0
ООО "СИЭМЭЙ СИДЖИЭМ РУСЬ"	7705563140	CMA CGM	11,0
ООО "КЕЙСАЙТ ТЕКНОЛОДЖИЗ"	7705556495	Keysight Technologies	11,0
КАМСО СИ-АЙ-ЭС	7715889060	Camso	11,0
ООО "НОРДСОН РУС"	7726587977	Nordson	11,0
ООО "ЭКОНИВАТЕХНИКА-ХОЛДИНГ"	3614005535	EkoNiva-Technika Holding	11,0
ООО "БОЖЖИ РУС"	7704464019	Boggi	11,0
ООО "НУРМИНЕН ЛОДЖИСТИКС"	7816687366	Nurminen Logistics	11,0
РОЛАНД БЕРГЕР	9701171219	Roland Berger	11,0
ОТКРЫТОЕ АКЦИОНЕРНОЕ ОБЩЕСТВО ГУРОВО-БЕТОН	7111000016	HeidelbergCement	10,9
ФОРБО КАЛУГА	4004011787	Forbo Holding AG	10,9
ИДЕМИЯ ТЕХНОЛОДЖИС РУС	7731528624	IDEMIA	10,9
ВСА РУС	7702624820	Widex	10,8
ДЖОН КРЕЙН РУС	7704729307	John Crane Group	10,7
НЮАНС БАЗЭЛ	2317071371	Dufry	10,7
РОКЛА РУС	7802232753	Mitsubishi Logisnext	10,6
СПФ РУС	3120087552	Symrise	10,6
ЛОГОПАРК ОБЬ	5406377536	Raven Property Group Limited	10,5
БОБСТ СНГ	7705206363	Bobst	10,5
МАСТИФФ	7704757103	Banijay Group	10,5
АКЦИОНЕРНОЕ ОБЩЕСТВО КУЗНЕЦКПОГРУЗТРАНС	4216003869	Evraz	10,4
ЭКОТЕХНОМЕНЕДЖМЕНТ	7722169591	Avenue Capital Group	10,4
РОЛАНД МЬЮЗИК	7726627450	Roland Corporation	10,4
СИНОПЕК ИНЖИНИРИНГ ГРУП РУС	2801258213	Sinopec Limited (China Petroleum & Chemical Corporation )	10,4
ДОДО ИНЖИНИРИНГ	1101169848	DP World	10,3
ХИТАЧИ ВАНТАРА	7702743627	Hitachi	10,2
МПШ ВОСТОК	7708650841	MPH Group	10,1
ООО "ПОДРАВКА"	7724929431	Podravka	10,0
ЗАО "Тетра Пак Кубань"	2353013720	Tetra Pak	10,0
ООО "ЭНТЕРПРАЙЗ СЕРВИСЕЗ"	7743168542	DXC Technology	10,0
МИЛЛВАРД БРАУН АРМИ-МАРКЕТИНГ	7714856110	Kantar Group	10,0
ООО "ЮПС ЭССИЭС (СНГ)	7743111842	UPS	10,0
ООО "ЮСБ ФАРМА"	7733590603	UCB Pharma	10,0
ЭЛЕКТРОЛЮКС ПРОФЭШНЛ РУС	9705135067	Electrolux Professional	10,0
ООО "ОКСИАЛ.РУ"	7708756439	OCSiAl	10,0
ООО "СИЕ АУТОМОТИВ РУС"	6382066442	Cie Automotives	10,0
ООО "ФУРУНО ЕВРУС"	7816365305	Furuno	10,0
ДСВ САХАЛИН	6501113197	DSV A/S	9,9
ЭБАРА ПАМПС РУС	7725803907	Ebara Corporation	9,9
ЭЙР ПРОДАКТС ГАЗ	6165175370	Air Products	9,8
ФРОЙДЕНБЕРГ ВИЛЕДА ИСТЕРН ЮРОП	7715687176	Freudenberg Group	9,7
ЛОГОПАРК ДОН	6102024555	Raven Property Group Limited	9,7
ТЕКА РУС	7710452685	Teka	9,7
ХАЙ-ЛЕКС РУС	6382064879	HI-LEX	9,6
ТЕХНИСТОУН РУС	7733776887	Technistone	9,6
ЭНЕЛ ГРИН ПАУЭР РУС	7725413128	Enel Green Power	9,6
МОСЭНКА	7707345330	Enka İnşaat ve Sanayi A.Ş.	9,5
ДЖЕК ВОЛЬФСКИН РУС	7806505345	Jack Wolfskin	9,5
ЭЛЬСТЕР МЕТРОНИКА	7722000725	Elster Group	9,5
БАКАЛЬДРИН РУС	5003073006	Backaldrin	9,5
БРОАДРИДЖ РУС	7813536880	Broadridge Financial Solutions	9,4
ХАБАЗИТ ЛТД.	7810058869	Habasit Holding	9,4
КРАЙЗЕЛЬ РУС	7701512680	Röfix	9,4
ТРИУМФ ИНТЕРНАЦИОНАЛ ООО	7706105914	Triumph	9,4
ЛЕГИОН II	7706630871	Siemens	9,3
ПЕТРО ВЕЛТ ТЕХНОЛОДЖИС	7706425914	Petro Welt Technologies	9,3
СТОРИТЕЛ	7802857829	Storytel	9,3
БИСТРОНИК ЛАЗЕР	7716619740	Bystronic	9,3
АКЦИОНЕРНОЕ ОБЩЕСТВО ШИЛЛЕР.РУ	7709275054	Schiller AG	9,1
УКК	7724243219	YKK Group	9,1
АКЦИОНЕРНОЕ ОБЩЕСТВО ГОСТИНИЦА СОВЕТСКАЯ	7830001229	Azimut Holding	9,1
ООО "ДЖЕЙБИЛ"	7735531508	Jabil	9,0
ООО "БЕЙКЕР ХЬЮЗ ЭНЕРДЖИ СЕРВИСЕЗ РУС"	7703456576	Baker Hughes	9,0
ООО "ЮБИСОФТ ИГРЫ"	7703815578	Ubisoft	9,0
ОО "ТРАФИГУРА ЕВРАЗИЯ"	7704839652	Trafigura	9,0
ООО "АМЕДИА ПРОДАКШН"	7722630773	Amedia	9,0
ООО "ИКЕА МОС (Торговля и Недвижимость)"	5047028579	IKEA	9,0
ЙОВАТ	7730173464	Jowat	9,0
ЭДША ТОЛЬЯТТИ	6382061684	Edscha	9,0
ООО "АККУМАЛЮКС РУС"	6321413868	Accumalux	9,0
ВАВИН РУС	7725097761	Orbia Advance Corporation	9,0
ООО "КЛЭРИОС РУС"	7702580757	Clarios	9,0
РЕЛКС	7705721043	RELX	8,9
ДЖЕЙЭФСИ ЕВРАЗИЯ	7714941447	JFC International	8,9
ЕВОБУС РУССЛЭНД	7707281292	Daimler Truck	8,9
РНЛ ЛИЗИНГ	7705757890	RCI Banque	8,9
ЕГРМ	7732505764	Essilor	8,8
МИКРОКРЕДИТНАЯ КОМПАНИЯ СИМПЛФИНАНС	7703381419	SF Express	8,8
СИТИАР РУС	7702427974	Central Group	8,8
ОРИОН КОМПОЗИТ	1650284908	Plasan	8,7
ИНЧКЕЙП МЕНЕДЖМЕНТ СЕРВИСЕЗ (РУС)	7705826575	Inchcape	8,7
СТУРА ТРАНСПОРТ	4707013330	Stora Enso	8,7
РОЗЕТТИ МАРИНО ПРОЕКТ	5032306872	Rosetti Marino	8,7
БЛГ ЛОГИСТИК АВТОМОБИЛИ СПБ	7805464142	BLG Logistics Group	8,6
ИНТЕГРА МЕНЕДЖМЕНТ	7725648850	IG Group	8,6
ЛАУША ФАЙБЕР СУДОГДА	3324120007	Lauscha Fiber International GmbH	8,6
ДАТАВИЖН НН	5262243627	Open Cascade	8,6
ИОКОГАВА ЭЛЕКТРИК САХАЛИН	6501177560	Yokogawa	8,5
ДЖЕЙВИСИ КЕНВУД РУС	7710542586	JVC Kenwood	8,5
ДОН ФУДС РУС	7731502633	Dawn Foods	8,5
БРАЙТЛИНГ ДИСТРИБЬЮШН ЭНД СЕРВИС	9702015501	Breitling SA	8,5
ПЕППЕРЛ И ФУКС	7727158628	Pepperl+Fuchs	8,4
ТЕМА НОРД	5034018358	Tema Srl	8,4
ТАКЕДА ЯРОСЛАВЛЬ	7604157649	Takeda	8,3
ДЖАКОМИНИ РУС	7708319750	Giacomini	8,3
АСКОБЛОК ДЕБАГ РУС	7705869579	DEBAG	8,2
АКЦИОНЕРНОЕ ОБЩЕСТВО ПАРКЕР ДРИЛЛИНГ КОМПАНИ ОФ САХАЛИН	7724183351	Parker Drilling Company	8,2
ФРЭШСТОРЕ	5902854031	Softline International	8,2
ЛЮГОНГ МАШИНЕРИ РУС	5024142941	LiuGong	8,2
БАРТЕК РУС	7720686114	Bartec	8,2
КАЧКАНАРСКАЯ ТЕПЛОСНАБЖАЮЩАЯ КОМПАНИЯ	6615015348	Evraz	8,2
АЙ-ТИ-ТИ ИНДАСТРИЗ РУС	7714905150	ITT Inc.	8,2
ООО "ЭКСПО ФЬЮЖН"	7703335282	Messe Duesseldorf	8,0
ЭМ СИ ЛОДЖИСТИКС СИ-АЙ-ЭС	7703588163	Mitsubishi Corporation	8,0
АЛЬТРА ИНДАСТРИАЛ МОУШЕН	5017090509	Altra Industrial Motion	8,0
АО "ПЕР ААРСЛЕФФ"	7802108837	Aarsleff	8,0
КОНСЬЮМЕР БЭТТЕРИЗ КАМПАНИ (ВОСТОЧНАЯ ЕВРОПА)	7703468892	VARTA	8,0
ООО "ЭЙРБАС РУС"	7706644169	Airbus	8,0
ООО "ХТ"	7709970467	Haldor Topsøe	8,0
ООО "КОМАРХ"	7704545099	Comarch	8,0
БЕНТЛИ СИСТЕМС	7719575410	Bentley Systems	8,0
ООО "ЛАНКСЕСС"	5257103825	LANXESS	8,0
ООО "АБЛОЙ"	7715853994	Abloy LLC	8,0
ООО "ИВАНОВСКИЙ КОМБИНАТ ДЕТСКОГО ПИТАНИЯ"	3702505350	Kraft Heinz	8,0
РАУТЕ СЕРВИС	7801372652	Raute Corporation	8,0
ФЕЛЬДЕР ГРУПП РУ	7705959695	Felder Group	8,0
ООО "ЛУНДБЕК РУС"	7707502270	Lundbeck	8,0
ООО "БРУНЕЛ ЧАЗ"	7709475222	Brunel International	8,0
ООО "КОРН ФЕРРИ"	7704241478	Korn Ferry	8,0
ООО "ВАРГЕЙМИНГ МОСКВА"	7725396835	Wargaming	8,0
ООО "ВЕЛТЭК (РУС) ХОЛДИНГ"	7714999415	Welltec	8,0
ООО "ТАЛЬГО"	7718302265	Talgo	8,0
ООО "МЕДИТЕРРАНЕАН ШИППИНГ КОМПАНИ РУСЬ ЭССИЭМ"	7810756768	Mediterranean Shipping Company	8,0
ФАРФЕТЧ РУ	7707425875	Farfetch	8,0
ИНФОБИП СПБ	9701029149	Infobip	7,9
ИШИДА ЮРОП	7717717436	Ishida	7,8
БУШ ВАКУУМ РУССИА	7724646666	Busch	7,8
ЭГЛО ЛАЙТИНГ	7724732788	Eglo Leuchten	7,8
МАРК О ПОЛО РУС	9702029423	Marc O'Polo	7,8
ТАТРА ВОСТОК	7701401638	Tatra	7,7
АТОТЕХ-ХЕМЕТА	7733555493	Atotech	7,7
АТЛАНТ КЛИНИКАЛ	7701710403	Agenus	7,7
МАРРИОТТ НОВЫЙ АРБАТ ОТЕЛЬ ЛИЗИНГ	7704841002	Marriott	7,7
ЭМАГ	7728030613	EMAG	7,6
ТЕЙДЖИН РУС	7703795716	Teijin	7,6
ФОЙТ ПЭЙПЕР ТЕКНОЛОДЖИ РАША	1001002235	Voith	7,6
СЭППРА	5260202625	Delfingen	7,5
ФЕНИКС ТСР	8603170039	Phoenix Technologies	7,4
МЕДЕЛА	7728553652	Medela	7,4
ЛИНХАРДТ-АЛТАЙ	2204060393	Linhardt Gruppe	7,4
ЭНМАР	7710023453	Enka İnşaat ve Sanayi A.Ş.	7,4
ЭЙЧ.БИ. ФУЛЛЕР РУС	7718900385	H.B. Fuller	7,4
ЭДИЕНТ СИТИНГ	6321173535	Adient	7,4
ЭВЕРГРИН ШИППИНГ ЭЙДЖЕНСИ (РАШИА) ЛИМИТЕД	7816371563	Evergreen Marine	7,4
ДЮРАВИТ РУС	7716735400	Duravit	7,4
ГЕАЛАН ФЭНСТЕР-ПРОФИЛЕ	7716583042	Gealan Fenster-Systeme	7,4
ЭНДИБИСИ	7710546710	NTT DATA	7,3
КСТОВСКИЙ ИНДУСТРИАЛЬНЫЙ ПАРК 1	5260200272	Raven Property Group Limited	7,3
КЛИНГСПОР	7729532430	Klingspor	7,3
ДЕРМАТОЛОГИЧЕСКИЕ ЛАБОРАТОРИИ УРЬЯЖ	7706445195	Laboratoires Pierre Fabre	7,3
ВИЛИ РАЗРАБОТКА	7743815630	Wheely	7,3
ДЖИИ ДИДЖИТАЛ РУС	7703473878	GE Digital	7,3
ИНГОЛЬФ	277084875	Buchen Group	7,2
МОРСКОЙ ПОРТ В БУХТЕ ТРОИЦЫ	2540078887	Dialog Axiata	7,2
ЯНГ КАПИТАЛ	7706185814	VMLY&R	7,2
ХЭТЧ ИНЖИНИРИНГ И КОНСАЛТИНГ	7702647722	Hatch Ltd	7,2
ХЕЙЛВУД	7839068940	Halewood International	7,2
ГРУПО АНТОЛИН НИЖНИЙ НОВГОРОД	5263099630	Grupo Antolín	7,1
АЛЕРС РУС	7719475944	Ahlers AG	7,1
ПСС ГРАЙТЕК	7842346242	GRAITEC	7,1
ООО "ДЕНТОНС ЮРОП"	7825126046	Dentons	7,0
ООО "ЖЕНЕРИКС ГРУПП ВОСТОК"	7725346425	Generix Group	7,0
ГОРИГО	7841357795	Raven Property Group Limited	7,0
ООО "СОЛЬВЕЙ ВОСТОК"	7743085960	Solvay	7,0
ООО "АЙДЕКС ЛАБОРАТОРИЗ"	7714348100	Idexx Labs	7,0
ООО "ИММЕРГАЗ"	7709897295	IMMERGAS	7,0
ООО "КОДАК"	7705306061	Kodak Alaris	7,0
ООО ЭСРИ СНГ	7743692058	Esri	7,0
ООО "ТРИМБЛ РУС"	7728582854	Trimble	7,0
ЛОТТЕ ИНТЕРНЕШНЛ МИХАЙЛОВКА	2511076010	Lotte Corporation	7,0
ООО "ХАНКЕМОЛЛЕР РАША"	7716909400	Hunkemoller	7,0
СИМОНА РУС	7725729442	Simona	6,9
ЛОГИТЕК	7734597633	Logitech	6,9
АМЕК ФОСТЕР УИЛЕР	7728561710	Amec Foster Wheeler	6,9
ЭР ЛИКИД БАЛАКОВО	6439074715	Air Liquide	6,8
АКЦИОНЕРНОЕ ОБЩЕСТВО ОТЕЛЬ АРКТИКА	5190151357	Azimut Holding	6,8
КЕТЕР РУС	9729060597	Keter Group	6,8
ТЕРРА ИНФРАСТРУКТУРА	7814408881	ThyssenKrupp	6,7
ВОКХАРД БИО (Р)	7729472212	Wockhardt	6,7
ФЕРРИНГ ФАРМАСЕТИКАЛЗ	7704721315	Ferring Pharmaceuticals	6,7
ТЕХНОФОРМ БАУТЕК РУС	7704339787	Technoform	6,7
БАУСТОК	7718596590	Gretsch-Unitas	6,7
ЧЕРНОМОРСЕРВИС	2315141841	SOCAR	6,6
ДЛФ	7715833236	DLF	6,6
ДЖУНИПЕР НЕТВОРКИНГ СОЛЮШНЗ	7704881206	Juniper Networks	6,6
СМСИ - РУС	5072726954	SMC	6,6
ВИНТЕРШТАЙГЕР	7727651760	Wintersteiger	6,6
КАВАЙ ПИАНО	7714939279	Kawai Musical Instruments	6,6
ОПТИБЕЛТ ПАУЕР ТРАНСМИШН	5007055400	Optibelt	6,6
ЦГ СВЕТ	7714325046	Zumtobel Group	6,6
ПИЩЕ-ПОЛИ-ПЛАСТ	7701247827	Nisa	6,6
ЭКСТЕРРАН ВОСТОК	7707758176	Exterran Corporation	6,5
ВИССМАНН ЛИПЕЦК	4802025455	Viessmann	6,5
ХЁРБИГЕР	7703111250	Hoerbiger Holding	6,5
СИДЖЕЙ РАВИОЛЛО РУС	7807024933	CJ CheilJedang	6,5
ХОРИБА	7715900891	Horiba	6,5
БИЛФИНГЕР ТЕБОДИН РУС	9709066174	Bilfinger	6,5
ЛАМНАЛКО	2315158034	Smit International	6,4
ППФ РИЭЛ ИСТЕЙТ РАША	7710612071	PPF	6,4
РИЗО ЕВРАЗИЯ	7719747130	Riso Kagaku Corporation	6,4
ЛИНДЕ ГАЗ ЛИПЕЦК	4826137800	Linde	6,4
РОКВЕЛЛ АУТОМЕЙШН	7705913080	Rockwell Automation	6,4
ЦИРЕТ	5032195062	Storch-Ciret	6,4
ОЕРЛИКОН ОСС СНГ	5027193214	Oerlikon Balzers	6,4
МЕССЕ ФРАНКФУРТ РУС	7705365187	Messe Frankfurt	6,4
ЛИНДЕ ГАЗ НОВОТРОИЦК	5607142887	Linde	6,4
КОУТС	7715385954	Coats Group	6,3
ФИРМА ЮМО	7727087543	JUMO	6,3
БРИТА	7705868543	Brita	6,3
ДАМЕН ИНЖИНИРИНГ	7813635881	Damen Group	6,3
МИРАНТИС ИТ	7718834125	Mirantis	6,2
КЕНИГ УНД БАУЭР РУС	7736500291	Koenig & Bauer	6,2
ЭН-ЭКС-ПИ СЕМИКОНДАКТОРС МОСКВА	7710532813	NXP Semiconductors	6,1
ЮНИВЕРСАЛ МЬЮЗИК ПАБЛИШИНГ	7730112944	Universal Music Group	6,1
ДХЛ ГЛОБАЛ ФОРВАРДИНГ КАСТОМС	5047243368	DHL	6,1
ООО "ЛИФАН МОТОРС РУС"	7743827435	Lifan	6,0
ООО "ЛИСЕЦ СИАЙЭС"	9701040449	Lisec	6,0
КОРНЕЛИУС РУС	7715996752	Marmon Group	6,0
ООО "КОНСУ"	7842531615	Accountor	6,0
ООО "МАН ЭНЕРДЖИ СОЛЮШНС РУС"	7718687689	MAN Energy Solutions	6,0
ООО "ИКЕА ЗАКУПОЧНЫЕ УСЛУГИ РУС"	5047183743	IKEA	6,0
ООО "МИЦУБИСИ КОРПОРЕЙШН (РУС)"	7705540343	Mitsubishi Corporation	6,0
АО "БЕЙКЕР ХЬЮЗ ТЕХНОЛОГИИ И ТРУБОПРОВОДНЫЙ СЕРВИС"	7707137002	Baker Hughes	6,0
АО "БЕЙКЕР ТИЛЛИ РУС"	7704154440	Baker Tilly	6,0
ООО "ЭВЕРШЕДС САТЕРЛЕНД"	7703618107	Eversheds Sutherland	6,0
ООО "СИНОПСИС СПБ"	7804146281	Synopsys	6,0
АПФИЛД РУСЬ	7743262947	Upfield	6,0
ООО "ЦЕРАТИЗИТ"	1655140040	Ceratizit	6,0
ООО "БРАВ РУ"	7704462090	Brav	6,0
ООО "БЕЛЛЕРАЖ АУТСОРСИНГ И КОНСАЛТИНГ"	7707743155	Bellerage	6,0
ВЕЙЧАЙ-РУС ТРЕЙДИНВЕСТ	6732052992	Weichai Power	6,0
ООО "ЕКЕ-ИНЖИНИРИНГ"	7841334903	EKE Group	6,0
ООО "КОМЬЮТО РУС"	7707370810	BlaBlaCar	6,0
ООО "САРЕНС КРАН РУ"	7203470050	Sarens	6,0
ООО "ЛАДА"	3610000945	Renault	6,0
АУТОНЕУМ РУС	6229045500	Autoneum	5,9
КЕЙДЕНС ДИЗАЙН СИСТЕМЗ	7706505535	Cadence Design Systems	5,9
ПСИ	7705847350	Psi	5,9
ДАЙВА РУС	7708340511	Globeride	5,9
РЕДЛЬ И ПАРТНЕРЫ	7701510161	Rödl & Partner	5,8
ОГЛАЕНД СИСТЕМ	7811474950	Hilti	5,8
КОХ-И-НООР ХАРДТМУТ РУС	7743289040	Koh-i-Noor Hardtmuth	5,8
АСХ РУС	7733848436	Aebi Schmidt	5,7
КИСТЛЕР РУС	7810764663	Kistler Group	5,7
АВП РУС	7715663136	Allianz	5,7
ДЖОНСОН ХЕЛС ТЕК РУС	7726458925	Johnson Health Tech	5,7
ЭНВИРО-ХЕМИ ГМБХ	6671126348	Envirochemie	5,6
АТ СНГ	5029247521	Ahmad Tea	5,6
УРАЛЬСКИЙ СТЕКОЛЬНЫЙ ЗАВОД	6658286617	Nipro	5,6
АКЦИОНЕРНОЕ ОБЩЕСТВО БЬЮТИЖ РУС	7722569409	Revlon	5,6
ЛЕНОВО ГЛОБАЛ ТЕХНОЛОДЖИ РАША	5024169196	Lenovo	5,6
АЙЛАВ ДИДЖИТАЛ	7706804670	Hakuhodo	5,6
ШАМИР-РУСЬ	7720731310	Shamir Optical Industry	5,6
КООПЕРЛЬ РУС	7724888721	Cooperl Arc Atlantique	5,6
ДХЛ ГЛОБАЛ МЕЙЛ	7713670064	Deutsche Post	5,5
РМА СЕРВИС	7704598206	TMF Group	5,5
ТОТАЛ СИСТЕМ СЕРВИСЕС-РУС	7704672097	TSYS	5,5
СИУАЙБИЭМ ВОЗНЕСЕНСКИЙ ОТЕЛЬ ЛИЗИНГ	7704264115	Marriott	5,5
ИТЛВ	7810325000	Borges	5,4
РЕЗИЛЮКС-ВОЛГА	4442017544	Eastern Housing Limited	5,4
МСА СЕЙФЕТИ	7733757348	MSA Safety	5,4
ЕМАМИ РУС	7724450279	Emami	5,4
АКЦИОНЕРНОЕ ОБЩЕСТВО КЕМИПЭКС	7701136370	DYO Boya	5,4
ГИГАСЕТ КОММЬЮНИКЕЙШНЗ	7705856298	Gigaset Communications	5,4
ДОЙЧЕ ТЕЛЕКОМ ГБС РУС	7705223633	Deutsche Telekom	5,3
ЦЕНТР ДИАЛИЗА АСТРАХАНЬ	3017048662	Fresenius Medical Care	5,3
ПФАНЛ БАКМИТТЕЛЬ	7718769211	Pfahnl	5,3
ФРАЙЛАК	7725599070	Emil Frei	5,3
КАПШ ТРАФФИККОМ РУССИЯ	7709780184	Kapsch	5,3
МАЙКРОСОФТ ДЕВЕЛОПМЕНТ ЦЕНТР РУС	7735541834	Skype Technologies	5,2
ШЕРДЕЛЬ КАЛУГА	4027099153	Herpa	5,2
ММ КАРТОН РАША	7709415128	Mayr-Melnhof	5,2
ДОМЕТИК РУС	7708716066	Dometic Group	5,2
БОЕ РАША	5024176620	BOE Technology	5,2
ООО "ЛИНДАБ"	7814328481	Lindab	5,2
МЕГГЕР	7704038902	Megger Group Limited	5,1
МЕТРОТ	7719227370	Metalac a.d.	5,1
ГЛОУБКАСТ МОСКВА	7725547805	Globecast	5,1
ВИЛЬМОРИН	7703774586	Vilmorin	5,1
СВЕДИШ ОРФАН БИОВИТРУМ	7708680099	Swedish Orphan Biovitrum	5,1
АЙТИИМФ ЭКСПО	7708326524	Hyve Group plc	5,1
ЗАО "ФОРД МОТОР КОМПАНИ"	4703038767	Ford Motor Company	5,0
ШОТТЕЛЬ	7839443415	Schottel	5,0
ООО "ЧЕК ПОЙНТ (РАША)"	7702528066	Check Point Software	5,0
ФАКЕЛЬМАНН	7723858273	AF Holding	5,0
АО "КИРОВСКИЙ ШИННЫЙ ЗАВОД"	4345300838	Pirelli	5,0
ООО "АСЕР МАРКЕТИНГ СЕРВИСИЗ"	7713688135	Acer	5,0
ООО "ГАРДИАН СТЕКЛО СЕРВИСИС"	6230072113	Guardian Industries	5,0
ООО "КАТЕРПИЛЛАР ДИСТРИБЬЮШН ИНТЕРНЕЙШНЛ"	5044080274	Caterpillar	5,0
КОММЕРШИАЛ БИЗНЕС	9715263163	Baldinini	5,0
ООО "ДУ ЭДЖЕНСИ"	7713137770	Ogilvy & Mather	5,0
ОКСИАЛ АДДИТИВС НСК	5433154698	OCSiAl	5,0
ООО "ЮСКАН РУС"	7718800461	YouScan	5,0
ООО "ПРОМО ДИДЖИТЛ"	7704720576	Ogilvy & Mather	5,0
ООО "ВАКЕР ХЕМИ РУС"	7706274380	Wacker Chemie	5,0
АЛЛАЙД МИНЕРАЛ ПРОДАКТС РУС	1646043339	Allied Corporation	5,0
ООО "АВТОГРИЛЬ РУС"	7841481506	Autogrill	5,0
ОУ-ОУ-СИ-ЭЛ (РАША) ЛИМИТЕД	7805257700	OOCL (Orient Overseas Container Line Limited)	5,0
ООО "АРАМКО ИННОВЕЙШНЗ"	9729273299	Aramco	5,0
ООО "РОКСИА"	7710947367	Roxia	5,0
ООО "ЛЕЙКА КАМЕРА РАША"	9705130975	Leica Camera AG	5,0
